0,4.471435163732493,2.158530256342078,,1016.5109582462767,997.3221602361555,41,78,45
1,2.8090243052935353,2.1454885080772383,,1701.5536144719163,,11,80,35
2,5.432706968426097,-0.9557573514632733,,1050.5620613616265,995.7180738325085,55,96,50
3,3.687348103908287,,115.85976363625383,,1003.5059824209216,27,93,67
4,3.2794112666349884,,107.58249353495154,830.7401299370019,1004.3833867575617,69,82,81
5,4.887162940307738,,120.99834315111701,978.0182488602788,,89,37,75
6,4.859588413717416,1.4917612161101927,99.84022678002712,929.2853343992366,1001.5065159660597,68,8,36
7,,5.489588084278107,61.399304089957525,792.7641084434022,997.4737747274784,88,13,12
8,4.015696372114429,-0.7977514470482223,,1026.1411213005458,997.9277962521393,6,85,68
9,1.7573150458145945,,59.942108711575536,614.1777892504826,998.0622612978143,97,65,75
10,5.150035724719818,,,1574.8058732472919,,42,34,26
11,4.9919460223426775,,,542.5262175387619,,1,35,63
12,4.95332412811243,1.5792936629820618,107.18364056538188,,997.5451207675136,13,7,88
13,1.9787451798050295,,80.41942749105189,1217.7299358129212,995.6546630870959,7,12,88
14,3.665922634191903,,75.79053799423349,501.6103740088474,999.8759578214064,73,46,25
15,4.002118364683486,,,1014.8257464540103,993.4587461512461,47,66,77
16,4.405453411570191,,98.5238280948757,,1000.6565661024005,72,63,60
17,,3.2887620421876314,77.26914147177006,541.1469445697918,,79,90,36
18,,2.5453611422620597,,1517.817452812391,1003.1263675403526,25,91,14
19,2.45309444677076,8.733700367251501,59.87510045419379,505.89349665059564,,98,32,44
20,3.797353675370818,,67.66481321992177,,998.7834237393112,40,48,88
21,3.344030655861066,1.551134856801522,,682.3012204714706,998.5289028671763,51,33,43
22,4.193421376470358,0.09931869402788673,94.35676573608998,,996.7123940250036,53,57,24
23,4.553438910956742,-1.5595068070373679,80.26666105729792,1027.0353458247278,,84,13,43
24,5.318151554180137,4.361314289657043,106.96119710157497,928.2941826095389,994.3833336062152,26,34,10
25,,1.360935350545397,93.24352988957051,,,49,18,14
26,4.675554085122381,4.607763893622691,58.98709163991278,869.5463400262508,999.4743783275235,24,34,10
27,,-0.2297267110300525,,,,3,50,67
28,3.8168914598210013,,,945.1118836542622,,62,90,98
29,5.058969187571151,2.7921127547768663,,,995.2436855254755,64,59,38
30,3.6021597718000087,-3.8342050036840494,50.91341321646057,1062.2326039704285,996.0394451681074,52,8,70
31,,-0.2172497145417751,59.5415971439253,,999.4439452535667,71,2,35
32,5.047578572892721,2.155259084882836,70.46022445339065,1396.1676477684243,999.5834003964924,1199,19,98
33,5.045938255627665,-5.058956439986537,,958.273933779253,995.9976064153535,21,51,43
34,,-1.736890628425666,,702.3799658793288,,26,24,10
35,3.877908425152326,,96.35680753281869,749.7615665046288,,11,55,31
36,4.124712953768216,1.15171225598665,111.01590694007311,1465.6702873460001,,79,68,17
37,3.6772051943917043,8.57658763753659,104.51536620502267,1426.4478113375894,999.353898955379,89,67,93
38,,,110.45082551002163,1140.820986099342,1000.4393824139726,59,94,77
39,,-2.3798244556321286,82.74974374381142,992.8401117086148,994.340030984994,58,94,99
40,4.076199587837237,0.47491890650203505,,,1004.327878914081,20,85,88
41,,0.7315417382016056,99.04339732333219,865.7672306324635,1007.7124279036791,0,78,86
42,4.036141936684072,,,,,10,33,21
43,,,93.0282422552491,,,21,33,23
44,4.247792199748547,-1.6300314820254633,76.15795905984086,984.9016341072564,1001.9830150121427,83,76,87
45,,,86.75245210288011,,,53,0,78
46,3.8632051667386524,,80.95087401668899,,,77,73,14
47,,,109.43157432872397,971.2353802298189,992.7607029535156,15,66,77
48,4.755413982398135,-0.8644793614237201,89.53861335413657,1048.588967455988,,86,20,40
49,,0.7637222213887607,,,,25,56,92
50,,0.5272572286629384,82.7164870165735,1490.9424305980206,1001.0097077636715,27,3,96
51,,,63.437369948350806,782.2242624522848,997.0756874741256,21,33,43
52,,3.4573058233139125,60.49307571341028,817.129562146587,,30,60,70
53,,,104.99402926593012,,1000.5485610356504,45,57,0
54,3.451757550813145,4.545455452224352,99.5510219759035,585.0787408324363,990.9562169944471,32,19,1199
55,,,,858.3285916015022,1000.9757523170633,2,96,80
56,,,76.65292213477431,1083.7815803419778,,92,49,14
57,3.9644869747218596,6.122241258366812,116.2129546216728,922.5777432378057,998.1700999220511,53,0,45
58,,-0.8329309608567885,94.92469164258603,,997.2358225164526,94,99,39
59,,,,985.2942154006101,993.9999822115245,38,94,64
60,3.0257636662326846,-0.6473802725676956,,628.554406512965,,72,52,16
61,3.9296551228958974,3.1198028201183785,99.09744153322994,1026.7677208515215,995.2122832669244,81,4,69
62,4.307968855216034,,,1559.7261154077391,998.3759200376909,28,1199,32
63,,4.627407425461938,,818.7849597088527,994.5464514482643,72,16,95
64,5.033800732555499,2.6193564295608427,88.63339555712871,509.78212782400516,1003.4281385464232,29,59,38
65,,-0.42347106226386244,97.64285882893333,1188.5061176304769,993.954393848516,75,99,9
66,6.0306036208388,2.145594531475094,,1229.698838094694,1001.5321559069257,15,47,74
67,,0.3669899565629279,,855.2117295371118,,93,3,27
68,4.211883386777701,,57.863499782144956,,999.879163635297,6,36,17
69,4.704720624317109,,,1432.1016240276658,,81,4,82
70,,6.789626242110743,84.21423378101095,,997.9710067106499,52,60,30
71,4.462059737162049,,,1829.6071996293163,,31,50,2
72,,-2.1317814163811573,74.09618587422193,992.2109734135705,996.6640567437294,16,63,60
73,4.523507967893809,7.914594260325469,76.54556633037254,1361.6205820259327,,14,46,77
74,3.073745686469774,3.220422276096831,92.76907173368906,,992.436758128729,1207,66,82
75,,0.15648759303386695,116.15244353117359,972.920248187586,1005.3411273705958,65,5,97
76,4.226962541870895,4.292132707407413,100.1780026500679,,997.9945812699949,87,83,44
77,2.847340890749048,3.6252646344284076,,1068.2559851236115,,46,73,14
78,4.6319794458091295,-1.4584698647853358,95.41316839970796,1160.1468817302064,,41,86,0
79,4.039512686693366,,110.66003388600234,,,17,90,36
80,,2.9142957504454756,91.52641593660566,1682.9226916301595,997.7789778464858,55,2,1
81,0.43648333937526473,,63.60438278924926,1548.802788016581,1001.2689899799142,69,4,61
82,5.321105615470206,2.718073074984193,53.95896991776807,1431.397847439711,,4,69,74
83,4.152630552204535,2.0236166749543196,111.98954262669906,1060.9942715269026,1000.1985233763456,44,87,76
84,,7.317351179031769,93.53749767845551,1367.1350028913107,1002.0609711080855,23,85,13
85,,-4.312615874464178,,,,40,84,8
86,4.767368735752411,-3.7031502079438834,,811.392422371389,,78,48,41
87,4.984919841909897,4.122096858300363,90.08974519707661,688.5076585664585,999.0563067599894,76,83,90
88,4.270835848826804,,,953.8062818609001,1001.8330587067281,7,13,40
89,,8.436042145327097,54.83063851245933,1079.450066179776,1000.7147712055777,37,5,67
90,,-1.555236228276676,103.62135668693972,807.8317915279349,1004.9896253919635,79,17,87
91,,,104.65906820860974,190.50888261143655,1000.058275970076,18,25,61
92,,,79.86143119203055,,,56,49,14
93,3.415281788739212,,87.34898140763971,,1002.5556058805931,67,3,27
94,4.816593926547842,10.37690544689409,93.0437228558603,938.0175994266333,1004.8932236189854,58,38,59
95,3.918052948173335,2.9631097008104836,84.94262027096724,465.9518135715492,,44,16,63
96,,7.286033583154365,110.86528462180019,1697.1719444265154,,2,55,50
97,4.528288145297394,4.143134364830315,106.53577686724739,,1002.4686448144579,5,96,93
98,,-0.9821924482659108,,831.4076250894973,,19,44,83
99,3.488118690873185,-4.936986461893886,66.34195107607314,,998.6580792577972,58,65,94
100,5.2912053597430635,11.530765003422566,11.591771057818935,1058.9740553627175,991.3406110095216,101,182,196
101,5.566533696353573,8.715729136487337,,1002.6627510309436,990.6228397136254,100,182,196
102,5.503591759111203,6.2981678769399165,35.62895698918338,,988.1321189158053,133,184,154
103,5.2852956847818575,2.848421023479384,,495.9922298912676,990.1083682166797,100,182,139
104,5.48428811274975,9.218343924608334,29.297984655766545,804.3145154404438,992.8840044311183,149,142,195
105,6.363481512426146,11.226916079150929,13.487699896840365,,,162,110,104
106,4.218894716374608,13.355000381055376,,1044.6172607701549,,146,178,173
107,,8.74092013680333,,544.8540572776449,989.4597351265231,109,198,146
108,,3.6788733567125007,,1163.4058735309604,996.5864537303956,176,131,122
109,,6.508703380964452,,753.7992925326738,985.8177729243773,107,198,197
110,5.875475504274324,8.520229870690324,55.5049383235978,802.9801060878114,,162,164,155
111,,6.914232101199485,56.0752587360169,938.3223042724875,,187,185,120
112,4.549234896863726,,66.34010428213273,,993.711710815872,153,123,186
113,5.749163805919065,6.996059833298595,39.311780419112296,,,184,168,102
114,,4.715852677804075,,465.53229819326805,988.8295204463142,189,149,104
115,4.817824588334266,5.536556282388023,-4.395155325489057,1344.031591368202,989.4774976818657,185,136,197
116,5.680656004381456,,-14.60157001792669,301.14776699740264,986.5487640825431,143,122,61
117,3.181501009608386,6.954141621655293,21.217886238480055,,,145,181,194
118,5.047071635325711,2.292959101119246,-17.944842220884993,,,150,161,171
119,5.394844209327204,5.895744556190046,32.49016954547758,1129.646447255139,985.9765222967037,177,193,140
120,4.751567945619153,16.328906051220876,,949.2202887139806,,111,170,175
121,4.382293352002983,5.130377862680079,25.258837619779218,1189.3903646502995,992.6564707319841,164,155,167
122,4.317116003550666,9.933155294523443,0.3597102191922339,800.371005394848,992.3398124434156,108,131,143
123,5.436257604340917,7.459920379751455,38.59777669722965,,994.1331618740021,186,153,112
124,3.2969872258867623,,14.356273472085647,872.0291724366576,,139,140,138
125,5.393710599138665,5.9196968594094255,37.79331238660116,614.9356065917528,,157,110,162
126,4.520675996424503,,20.39387584006478,723.9049509280093,991.2420067468751,171,180,118
127,,7.545126844926163,,837.2958060422927,993.6117014621437,165,154,133
128,5.6941032876787645,,10.245279111909149,1068.2786783469273,988.6879579420954,159,101,132
129,5.678629673709857,5.977427157774865,26.358808533089228,,989.89844088902,173,135,147
130,5.239555995003897,,22.410663136371845,,,179,190,193
131,,7.917765842325353,,925.3469098805851,,187,176,166
132,5.8161272333600404,11.318663796733148,27.228872486725123,905.1875295878922,987.0754998426622,159,128,186
133,,7.858050830029038,47.63808469696858,,,102,127,154
134,5.639632763193703,13.311648704887343,,874.1901733723853,992.225233807511,169,192,147
135,4.037971168094809,5.039110804036753,27.644072635368836,1191.8243666872045,996.084864072643,173,129,147
136,2.9147343578798903,9.335058460819777,27.821871339970077,640.8121795556269,988.7112177522527,115,174,185
137,6.930246767465576,4.95150604302678,7.147019899890289,1044.858658125153,,168,132,159
138,,7.1407297202665845,3.017595895000696,743.234604565258,990.6733633674454,139,101,100
139,6.2103837049045145,4.767699359141805,,1027.0544886867265,987.9486123145272,124,138,103
140,,,27.42309038954114,766.8562168081575,992.5546761637678,124,119,139
141,4.620189215952621,,,,994.5285198894275,188,175,170
142,5.702562224001601,11.761807702330348,33.229151787279136,603.9818367551093,,104,149,195
143,,3.9585946378115837,44.78128682534518,1432.7242872195006,990.2213683484947,116,122,61
144,,11.12096097510788,33.30753901785707,1422.356933724628,994.1268010488313,199,147,134
145,4.475663897367544,8.973933843240474,0.09840935420884023,,996.8264715061017,117,181,194
146,5.700907730915604,,-4.272779983245641,361.1642856848333,997.9858457764442,178,183,106
147,5.984188070722415,5.709069718370063,71.01198385022352,,,135,129,173
148,4.87827159133318,,45.443335501744855,,996.1331343752856,158,191,172
149,7.365768628840039,,,776.8780364127783,,104,142,114
150,,5.2403852549185945,10.52328033870581,1060.8016543615602,989.5975631464834,118,171,192
151,5.796594866664952,7.37130262085296,39.483378557286315,722.7761545874508,,196,123,153
152,4.5259791098743145,5.037049302330747,17.43958061209222,,996.1364565116178,172,158,165
153,4.943304283509071,9.813361469283157,41.624767969601734,806.6227264713782,992.3556697644565,123,186,112
154,,9.517722259602747,34.839750765431816,1313.8388647526785,,165,127,133
155,4.195166275833296,4.998006153155871,27.181525243709025,870.9654678347472,991.5117144426605,164,110,162
156,,,,538.3311158410947,994.5806550429832,163,194,145
157,,4.007081167262665,64.71711147107351,539.8308328350149,990.170332836854,125,142,195
158,4.113280647514622,4.319324361359949,39.86445186252134,724.0270597381186,,148,191,172
159,5.334197930899009,,43.99521529393331,,,132,128,186
160,5.53678382490275,1.4157279569735994,20.19570372868499,485.51143519022,996.1029651412803,137,168,159
161,4.2561696320637985,5.0920864646172355,35.92562404667825,,992.1429458405476,118,150,171
162,4.679796117759121,4.923084297376643,,,,110,105,164
163,4.083801138733459,,19.89680611123342,804.370420274809,993.3755785713821,156,194,145
164,4.140331700018259,1.3077377563221653,44.050965691234005,,994.0701485925254,155,110,162
165,5.225985486733755,8.74215147239504,18.908303383548187,378.23762185513465,990.1516710557655,127,154,133
166,5.628775826538295,,44.56671051806034,,990.6557579586347,190,131,185
167,5.186494348773075,9.149523736103923,,1593.695334305165,996.7271119437673,199,129,144
168,,8.846698969426743,7.843563635593576,785.0465234827338,991.7974054333771,137,113,160
169,5.988137582593309,3.7287004593095334,21.466036783282554,504.4769081288663,990.8551884135446,134,192,147
170,,2.4751322209249498,-25.113022082660635,1066.723423155085,995.2232359347572,175,141,188
171,4.449397076436581,10.400137294145214,7.03305674203607,430.21934098646926,996.924798769357,150,126,118
172,4.061847385906896,10.068802571646897,,991.2550498998432,992.4332864353305,195,152,142
173,,,18.2110074168852,1013.9118646414646,995.1817267852038,135,129,198
174,,5.384623854445409,3.735031128606522,1504.5239232188621,995.8641509584013,180,136,126
175,4.776981018117524,,20.10572770158699,,992.5363150071665,141,170,188
176,7.123691888593553,,43.39978952812709,,,188,141,187
177,5.122273434258829,,27.23812756980869,1578.3058883014628,986.8348853847006,193,119,138
178,3.590568260077231,9.845602746001125,31.16411669658639,1403.2845292513725,992.2813614322909,183,146,107
179,6.422985952772243,5.3809058808743,14.390047915912906,1065.4973642451828,989.1675752351946,130,193,119
180,2.85214496235639,,,1122.18141233862,,174,126,136
181,3.6524674865422453,6.784100269929809,26.66160519152444,667.3675921027093,993.2569379123563,117,186,153
182,5.363564556806648,,32.11531391829958,,992.1844772872087,196,100,101
183,,,30.889728313374334,419.80076678950314,990.3843223464047,178,146,107
184,6.27239507854621,4.4089866038429,22.62108150915666,1176.4437233222407,,113,102,133
185,3.5504333911366124,,28.520971707812485,871.1867984910624,996.475395581656,115,111,136
186,3.804476258333029,4.74749528963123,14.006615140968465,449.88065912709015,990.6402712909882,123,153,112
187,,5.09453510152064,32.49373883420663,309.1102737548248,,131,176,111
188,4.58549515646781,4.956939528329007,4.205447357466198,964.1700487883222,995.9285918553289,141,175,176
189,3.574205266561979,2.495242747779405,55.84665557737313,243.79590856223285,991.8045728384302,114,149,150
190,5.209394787535924,,,,991.3893241046719,166,185,131
191,,,56.45135157376089,846.4676876285082,994.9917939520101,148,158,195
192,,7.382153179602086,,583.1041951751397,990.7748932158797,134,169,150
193,4.103419384698129,8.552593988241968,-21.95439296619795,322.32211840670914,996.1609017515797,177,119,138
194,6.104351569860313,,,1503.6514974538,991.7838589832825,117,156,145
195,4.5684504844839555,,,,992.16223745053,142,172,104
196,4.838863091755941,5.101942235716193,,1206.2582541117106,989.8406281522088,182,100,101
197,5.889157494072874,5.6600355112674245,54.4769311711941,1029.8842190268206,988.9585623116928,109,107,198
198,5.2883768477152655,4.939239394939289,,,991.5702866262188,109,107,173
199,3.9484610624299616,,49.700975615441436,,993.9515194874239,144,167,147
200,5.680438600159769,3.4409246613274718,,,1006.5212900597547,227,245,204
201,5.380006912278798,,-0.3291001390192747,875.5314329972466,,242,285,265
202,6.156998376446689,-0.3703004132224459,27.05428397325334,756.314862788217,,291,295,209
203,5.4285446489202105,,-12.17840187684287,,,267,298,247
204,7.057633183204614,3.672998492143789,60.23294007480814,,1008.8481250820597,246,227,200
205,5.208511190522114,3.0300422195452716,,98.61346686410963,1005.116406750458,296,249,221
206,5.4753726540715295,2.2020316087034986,16.51833936829273,-110.79707457917891,1009.6468509213342,264,253,242
207,6.071878039370369,,14.01307726128151,543.2088772947578,,204,284,246
208,7.910759427277183,,,1243.0139463458902,,225,269,235
209,6.787964683137615,8.51312920762806,12.28062549628178,771.9785976592084,,291,202,222
210,,,27.144473384696422,,,246,207,289
211,,,,495.1482708210896,,244,261,286
212,7.043944655495324,4.388467372347207,36.49786070797945,909.2591118708197,1004.3693340001939,217,281,259
213,8.10778515279337,0.36449159599795,22.031561549838262,,1005.7286195378318,297,289,261
214,7.459927481585294,-3.61210937587865,28.361756448301062,1133.429064276901,1005.8069120496829,237,236,245
215,,0.31290374684454325,,,1009.8632999965598,282,252,298
216,6.749184600924197,-3.350784397947084,-17.397321032978738,139.37849891136426,,260,248,293
217,,2.2119031510056373,36.25473872548916,,1001.6050227923137,212,281,259
218,6.44026639166873,,32.955336334984196,400.5976942984189,1009.0148545357208,220,222,264
219,6.688971856326942,,,976.2090483783625,,263,223,258
220,5.723353872723012,-1.3327747173376707,,203.69082061941657,,218,222,209
221,7.92453332001529,1.7305866333175066,,496.57775008430167,1006.738078935332,249,278,205
222,6.411204020707224,-0.50964797738912,31.76462440294207,341.73919379770564,1009.2197044189434,240,220,209
223,,0.7567788128828012,22.491672194385266,-310.7859503360363,1000.9783705836131,258,233,294
224,6.226363227251707,,18.111973302479825,279.65526837990456,1001.721608898913,287,270,276
225,3.9213821062978247,3.84267983523791,,367.5127257873223,1005.8050166391985,208,211,269
226,5.612113768032824,1.2842997186006515,36.75478808733936,,1012.083032015843,247,255,267
227,5.912893030036001,,71.27985059340828,850.0035193765776,,245,200,262
228,7.126385822137273,3.3003064182327897,,632.1461782897793,1002.9612714276705,266,232,241
229,6.247111716157736,7.292358409107079,35.637312811372134,,1004.5656587581017,294,280,279
230,6.1211718053315405,,7.117777600186443,981.934391094135,,277,275,286
231,,,,436.73677760367224,,239,265,293
232,5.842900863153348,,18.831323155412516,1116.3511096214422,1004.1603780991998,266,298,228
233,5.259530977219282,-1.780573991305693,-4.787215741599688,460.5314122308379,1007.7411325539863,279,223,258
234,4.752347076948768,,-1.264536086824375,1101.0928550454416,1012.0763598580702,241,266,256
235,,0.3329220685023495,55.766474517872844,426.9823239071017,1006.7807068913436,269,250,278
236,6.5810733206206065,3.9494460001847638,47.52984154446196,117.92944829998532,1013.7384314441882,237,272,200
237,8.763844079849566,4.51390478689723,,514.6869102632544,1007.0547113103783,214,236,245
238,,,,,,288,240,206
239,6.668488169205806,2.8079191332615743,,734.7953874562193,1007.4518724630269,231,265,293
240,,-3.5462693186793697,,1175.119749007072,,222,288,238
241,6.500482900154372,,47.409576948907706,133.0481203054938,,234,266,256
242,6.863064860590624,,5.983712053882133,1084.236011167201,1006.9523594716005,253,201,206
243,,3.89380996961849,2.5523132211530033,481.94542161910886,,248,260,216
244,,1.7385712170995644,29.75378073435114,392.2575981437914,1008.3365898006338,261,211,235
245,7.153922240612225,1.7922529447343472,31.69068788959405,380.80209926187126,,227,262,200
246,7.181944105999232,,-15.077459692914708,838.485309360479,1007.3145624110026,204,210,207
247,6.391371448421931,,,,1004.8470091273737,226,267,255
248,,3.8613064266553496,51.03551694351626,792.9661209880192,1001.3981398964137,243,260,216
249,6.29507995978624,,-4.495264811029315,,1009.0524737313484,278,221,250
250,7.863801062132504,5.480136566401673,-4.4253879328743935,603.9735309259852,1006.2458579422462,269,278,235
251,4.287726075528744,-1.163116606361772,32.06665744175708,100.95609295061212,1008.8429678027533,262,215,282
252,4.592915454256774,2.7943338010880496,23.19593936397268,952.1779174471109,,215,292,282
253,6.126781186326972,-0.023844879394872898,,601.2758897589173,1003.8514198813082,242,206,264
254,6.003759847795496,5.962618318950888,0.858269563064642,696.4983005827518,1000.9490267593172,259,288,280
255,4.731005743926608,-0.8797163750252812,-7.881651322557062,,1009.9041657661724,226,292,247
256,5.16115707857971,-0.4222916143827251,0.5889504667234178,472.5010524456266,1008.7357343527038,290,274,241
257,,,1.0325414205270462,-123.75318348849976,,271,259,280
258,5.495957281918036,4.75126282755753,,754.3111645196296,1004.8253788262226,223,233,279
259,5.211559815482121,,,,1007.0184865228599,254,217,281
260,,,19.364727125427137,114.56801630350276,,216,248,293
261,6.205454853925979,-0.6789304322763572,,837.2390256877395,1003.4568429698097,244,211,235
262,6.31301312898086,7.805131811923759,33.606401164235045,339.07142965820674,1009.698041636557,251,245,227
263,,4.759583979776075,12.56859141424562,758.1248720791374,1006.6901095433174,219,223,258
264,6.299070529594377,5.198683013724779,-6.931406386483083,1090.4062773684464,1005.9083903652441,206,253,240
265,,-3.8230850664158584,0.06780370015028936,450.8215962111777,1002.2988922342413,239,231,293
266,6.363177347544452,-2.2240780455164666,36.717088320232136,925.32651126886,1008.0669238464852,241,234,228
267,7.8936798255518426,,-4.066934657491402,749.3500513576817,1004.5079513072649,203,247,255
268,5.5142472557171915,5.40732683057055,29.327897379412136,,,219,231,239
269,6.387674455777598,3.0329704982285755,,,1008.8785982158249,235,250,278
270,6.023557610392554,,-0.43925353536268474,668.6362201710115,,276,224,287
271,5.33977049795572,-1.0837776152926617,31.432565482594896,-175.2863065655465,,257,280,254
272,5.681315070421986,,,203.58122075797382,1005.4467534033199,236,284,296
273,,3.983301330248869,,497.18104750910044,1009.3134190460236,286,275,211
274,6.177386719384599,,47.290564320588295,425.9618455170436,,295,202,290
275,6.983512729343165,5.496607513956086,-17.680311149721206,,,230,286,277
276,6.023504585885394,3.99157388466486,14.524631462947237,149.42750472147873,1003.1750199277835,270,224,287
277,,2.4682325953357154,15.297340706095758,79.15717010792946,,230,275,1206
278,6.35376929399664,3.2408406974511754,23.435833008534043,345.82297983252397,1013.1592411965951,250,249,269
279,,5.633348864298143,1.8681646799087304,777.711433909383,1002.199172914974,233,280,223
280,5.509516408521319,,,666.4549758852601,1003.3565738472697,279,271,229
281,5.625563399807219,,,943.1847139085336,,217,212,224
282,,,18.007843626313605,794.3044616007206,1002.3796431713957,215,298,203
283,7.541029983277939,,,729.2799211581125,,270,276,234
284,,3.37398992449483,54.194920585485605,376.89552393055453,1004.5842035587835,296,207,272
285,5.7155593160737075,,37.069371078352134,-602.1867042049205,1004.3876176530329,201,293,265
286,4.734399462398789,3.1558566092081053,-9.970904096567033,575.4010189173611,,275,211,273
287,7.78797963245575,2.8744862885061417,,,,224,270,276
288,5.645491291930626,1.3275229510497502,47.254510670537954,439.61959426201895,1002.6171530221247,240,222,238
289,5.895238876932896,5.2678103665279234,45.725114653892376,773.831934493887,,297,213,210
290,6.3862536891890525,5.034162831710017,18.895801981785883,256.8299003026806,1000.9960564475972,256,274,295
291,6.822775373765373,5.373936615410904,,842.1766857244297,1005.085371487079,202,295,209
292,5.316210177568992,-3.612532284222178,1.141141967402767,,1002.7222785959716,255,252,267
293,7.057203331214129,2.527216456725855,,,1004.255435657894,231,239,265
294,6.031879973569032,-0.32975906687399004,37.9827050887003,,1001.1415526637809,229,223,233
295,,1.0884052914928453,,,1005.8810601284295,202,291,274
296,5.949460310451228,-1.7212074476142818,20.45112417164551,,1004.2067114288659,284,205,272
297,5.635990043692892,0.47728314587367304,39.71962277474744,519.0962176678033,1007.7971686056339,213,289,261
298,,0.9365683115951828,,593.5391573810939,1010.6229769432489,282,203,267
299,3.680702198179839,,84.93129414773999,783.2677910462788,1002.3461214830174,337,383,301
300,4.527046450954964,2.1810182983028104,79.39373414415424,852.4388108224623,,373,325,332
301,4.711112399364823,-0.03694417033796604,,710.4764138354371,999.778156822054,337,299,300
302,,4.939508861530225,67.86814660290655,,,353,340,377
303,6.637791210703863,5.824956445571665,103.03992234043127,1617.3105433671435,993.9536003289019,351,386,277
304,2.257862369405035,,,1158.7500853495962,,350,311,357
305,3.905565192258556,-0.04544290497435899,,883.6547406204961,,358,345,339
306,5.431183752254563,1.9040513314904315,99.74895646146743,,,336,330,387
307,4.592758446550668,0.3241078430849298,,1332.6206076350034,1000.1327816276388,309,363,392
308,4.170296895326288,-0.9873030546166164,88.62691448891064,1191.6380774428728,996.437960447412,360,334,354
309,2.2482940522079753,,76.78076282245094,884.5444540661608,1001.1531492487445,379,307,382
310,4.288581322343208,4.57247295274581,56.18342247882066,563.2945127924337,998.8358502516927,367,334,308
311,3.4574204830932205,0.670901624868233,,537.9303194808741,997.4445113669847,357,304,398
312,4.171602381985995,-0.07501307101795973,,,999.5265451372035,314,352,318
313,,2.710929701514607,60.635389564578574,607.540957603771,,338,381,1204
314,3.9746510979372314,,,821.818587009392,994.5762919439712,312,352,318
315,,2.230508352424439,80.8638387032223,863.7182365374185,995.6718021014215,321,323,333
316,4.924442867343366,,75.70196478409127,1052.7358545908933,998.3871673989019,378,373,325
317,3.9387537001336854,-2.3023909402225877,,1407.517926700413,1003.1645394762768,363,329,331
318,3.268966657414794,,87.75386149812563,883.4697173244504,999.5542234168431,352,347,314
319,2.977226295304857,,,1040.3134562115624,,372,397,368
320,4.995992970245752,-1.2120900001528518,86.87585783234537,633.1554412263765,1003.5675409531113,362,384,322
321,4.955557932627455,-0.7670675369011133,60.6891628917398,787.9933247169042,,315,319,372
322,4.713840771195043,2.373841485961238,80.68171132467063,1496.5638331231703,,384,323,362
323,,1.0158154823489534,72.56483680741982,,1000.2480246265906,322,333,315
324,3.1929616915271866,,,,993.9236573658195,327,359,342
325,,-0.060063730475950594,,1292.2504506404975,995.292112602696,373,300,332
326,,5.659132630333387,83.93922541332667,,997.0829932169084,371,395,358
327,4.155923261453126,,74.48991358841936,1490.633819282144,998.2644826171116,394,324,359
328,,3.987468625651103,,,998.0470692399059,382,375,338
329,3.5769937715807516,0.6311575159301899,84.99846595808582,1481.4847238767115,994.706364666962,331,317,385
330,4.181672745323682,4.000656900113695,49.511843803558506,809.3902548631442,,306,336,387
331,4.274492570746403,-0.23296243405513306,,1241.4221311362905,997.2485864481214,329,347,318
332,4.067912357380758,1.5167672000723855,,1367.5867546695551,999.6276986052418,325,300,373
333,,,100.83282662123825,1326.9944579286728,,376,323,315
334,3.829198969302378,4.529039745383868,85.25583965547257,624.2976317640992,997.7759632108431,354,370,308
335,4.266973231539867,,72.79834606873752,,999.9273213989245,345,393,374
336,5.382997248852925,2.4158960922113715,107.97895467169316,,996.1232665297721,306,330,387
337,,1.0376929582090333,78.755822794307,,999.079879481697,299,301,383
338,4.131395367225915,1.2779000342671463,64.83566341758151,336.3494575520858,996.96273967097,313,328,382
339,4.434437185102232,-0.4867623836069803,78.28506970741832,1606.2851520542815,1001.0733172588261,358,345,335
340,,-1.905954189776772,84.18691752110713,,,302,353,341
341,,1.890949174107218,77.01054756748243,,999.042699754409,344,346,359
342,4.585084279501725,0.9949597005197555,,,999.4937849246675,324,369,336
343,,4.089117168970898,82.41208302244213,758.0094361549575,1000.0913788429835,396,395,332
344,2.9286313285449106,7.267760553473783,,,999.5803843877818,341,389,359
345,3.951539497447617,0.42742626983816834,53.35694626407469,1235.2497132230076,993.6504461917248,335,339,358
346,,-3.753976245083698,,875.7095222342573,999.1397023409154,341,344,359
347,4.415100558381581,8.533644440694763,81.32018055119329,,996.5679365911504,318,352,331
348,,,,,1002.9540994213295,391,1212,388
349,3.019275642499414,,88.00611307495063,,997.2930124628027,364,385,379
350,3.5721738900279796,-0.005685944550018807,,995.7125332346725,,304,398,311
351,5.498569955138537,2.379788619054078,,830.4589813474626,,303,386,392
352,,-0.9216605771246336,,,1000.1013736585725,318,347,314
353,3.541759610662507,6.287705222895081,,892.5495219143871,999.3668685195852,302,377,389
354,2.6620315980490297,0.742980950577298,,924.4532406189965,999.9745647564579,334,370,390
355,,,,737.1870766431034,999.4382646301179,390,366,365
356,4.821047956107915,-0.6323248098789969,96.39875719082697,,999.3338629461861,387,337,299
357,6.097800780771692,-2.1499960545760164,73.74447152156215,,,311,304,398
358,5.282933246874523,1.7638500421343368,85.62161599016882,1246.0489292449508,995.4570792751102,339,326,371
359,4.270337925739372,,71.4234900954954,,993.5058264448909,341,324,344
360,,,,1081.4151786561365,,308,334,354
361,5.078673551320406,,66.02854626661517,,996.6187859176977,365,393,374
362,,4.9651521637488205,85.72384786477508,328.19493744573174,,320,384,322
363,3.8019250403764318,-5.433354607545851,91.52754380070837,724.2947095114043,,317,307,392
364,6.4814584228756535,4.0711673508878885,84.21706423327055,1895.896030013001,,349,385,311
365,5.385254876189206,3.4717695540315594,,998.4105133043752,996.430252917168,355,390,366
366,2.845399034610331,,,1041.6758593475356,998.773302118116,355,390,370
367,2.7319309496229183,-5.655141838675835,98.79936939765048,641.7582312602244,998.7637893882574,310,334,354
368,4.60786218620948,-1.9025172507303671,89.80873513239695,,993.0488896491016,380,397,319
369,,2.8142942628732457,,,,342,383,299
370,3.3887183252042377,6.7890139558750935,,1201.2941722895457,,366,354,390
371,4.102035112292331,-1.4709241555225487,,,998.3135672958788,326,395,358
372,2.5634260632278814,1.9360856903678108,,1193.1186120549294,996.4588552479236,319,397,368
373,4.210717052505656,-1.355222854427268,70.15046298452503,662.6748719391552,1002.2847552266145,325,316,300
374,3.1030958293024877,3.220266584415446,,,,393,335,361
375,2.275606921008167,,85.9427502594318,,,328,382,379
376,5.792339196646942,,100.75437306336326,636.3829326262899,,333,377,353
377,2.6872872934077687,,80.5320354286834,661.6153721844502,,353,389,302
378,4.555877426385625,-1.2765173712848927,,,,316,373,325
379,3.318118694508869,-0.9900723249970165,100.49835693190612,,,309,382,307
380,,,70.60889319371917,545.7519136242163,,368,397,319
381,3.895348425152234,1.9394499953486286,73.53256911867292,833.0794714315898,,1204,1203,313
382,5.850397801609901,2.2317642753335276,,,1000.2205432910131,328,375,309
383,3.6666495732505995,3.88953365631628,,934.2987942015787,999.4028989872108,299,387,337
384,4.193464233819872,4.64435313949886,,,,362,322,320
385,3.503255062135091,-2.9032452745007786,,1109.9834811480423,999.1034390203905,304,350,311
386,5.032723215735861,5.791001782223705,51.67078933089495,,1001.8195738790387,303,351,392
387,2.2601962024774407,,95.98391476731325,842.5355781429878,,383,356,330
388,3.2441378243770913,3.1177539592597037,38.72287470391597,1189.455378830198,995.3776580762852,397,368,380
389,3.1188882673520646,-2.094916606135866,70.84653931032345,,,377,353,302
390,,4.274040857545987,86.3159077369392,703.5909841747507,,355,366,365
391,,2.4867085407470655,79.72081350816224,919.7756051760547,997.6586166512354,348,388,1212
392,,,72.47862529245961,896.7746061935393,992.4353993233332,351,363,307
393,,3.523450179347558,,1171.9022250680525,,374,335,361
394,2.879479006007275,,116.0551901869459,591.7938594104896,,327,324,389
395,4.048264206925657,,49.20947959703771,396.2301406532637,1002.4412671051143,371,326,396
396,,7.20886996436807,102.88764060715923,,1002.22582789728,343,395,332
397,2.9724843267821326,3.8745639375646297,,1124.5414299415015,999.2545812051895,368,380,319
398,3.761664634532674,,65.79467754670526,1355.436053361946,,357,311,304
399,4.932178169581347,,50.41474167455617,1101.6657708463722,,455,402,485
400,,,39.980573467618214,1067.1922946178431,,498,463,452
401,,1.1841554413470163,,701.6529533504656,,469,495,478
402,3.35583899747282,,59.22711360286151,345.30710100672206,994.263690301913,485,480,430
403,1.7299365216137115,,50.67176035351285,,1000.8620318911711,459,434,424
404,2.8045275873032414,-1.2720103547569117,,526.8205126177365,,471,473,482
405,2.536580600782537,7.002377961059196,104.86319820985707,863.7361187414599,998.5434903746702,415,419,414
406,3.989414847285851,7.425658708791571,56.0596041300349,1101.0383791974434,,497,439,409
407,,6.617161387295797,46.6452733220777,676.7932298786658,1001.2836923125227,451,442,496
408,,6.6384904190348895,48.186330325866365,340.7562049185864,,466,418,433
409,3.4388012630343905,11.90406863513404,93.76879950135431,1205.4071442095317,997.4828669668544,439,479,428
410,2.038397759118764,12.2140211982585,,,,453,447,413
411,4.245609937147846,2.5337751613033044,,,998.078996362147,465,444,486
412,,3.413658327895898,41.70531819752642,883.9071346662195,993.6516841749974,450,436,421
413,2.3686012216214807,,47.92125981145003,774.9495657870275,,447,438,453
414,2.29574795291174,3.996019085170324,40.422136304226626,1036.4723309489764,,415,411,405
415,2.7595174632416577,,71.193279067686,908.3894113004576,996.9727634778981,405,414,472
416,,6.060355524712572,61.102572317920284,687.8986014888612,,417,431,457
417,,3.5303751047402097,81.27486227444602,745.364628405037,998.658409960316,449,477,431
418,1.1844423075679142,5.503558183964379,,971.7115991850737,996.2853444873693,433,468,408
419,2.089876154304858,8.162597478627282,,,1002.8997922095086,405,435,498
420,2.2514720466609406,9.887756804564471,,,,471,404,401
421,2.8918750735197367,4.416699929146021,,335.8112722290345,,412,400,454
422,3.2747788370521675,4.60982102803598,,1381.6476223603001,989.2073885150251,432,444,481
423,,,,647.3841257528026,1002.3419156693933,441,484,425
424,,,39.94375738794254,311.9215393901881,997.8325789321117,403,459,434
425,2.6875578228436,3.1368385820982807,69.73170758301268,,1000.5313154960819,481,460,484
426,3.4485097425124067,6.155509793357182,65.22490962381603,1165.5996514188528,,443,480,482
427,,,,513.6777111931357,1001.1011125084333,442,464,496
428,,,70.12559141959252,454.7839151478616,996.0273396916053,409,456,439
429,3.3495667716276656,,75.75645645688122,1009.5394500238865,997.6722087417006,473,495,404
430,,,69.35555502291442,,1003.1897653732218,446,402,485
431,,,30.38152872582618,506.283668501202,998.8645556319589,417,477,416
432,4.406176139494268,8.834834793973435,64.38095135553931,,996.5581911931574,422,481,460
433,1.7503032272056471,5.44982008386882,75.51143648795262,1414.175441526127,997.8118595489925,418,468,408
434,1.4398511111147672,11.142969712090064,62.767541762956625,492.920503428948,,1045,403,1089
435,4.557397650649023,6.073800503297875,90.75705720894062,1703.0927941544294,1004.1747595793031,419,468,490
436,2.406643605023512,7.362397967077296,,1125.645660575025,999.6360628696132,450,493,489
437,2.8297114876704996,,83.90187794546807,1016.1880235386199,997.8908084134331,438,447,457
438,4.672626808454706,6.917469239408373,,,,437,413,447
439,2.4592001923501248,4.828760551292801,107.14531074010827,1280.8907407919182,997.3122107004892,409,497,406
440,2.3158716712334155,,,1052.2252274364516,997.9866973621465,475,452,463
441,3.5999620859819927,6.625538235278111,,,1002.6977613163532,423,488,425
442,2.782800874855362,,55.32747720411918,774.868423195718,,407,427,464
443,,,47.31771410081994,803.6608106741726,997.9102037102307,482,426,470
444,,,,,1000.4272161481055,465,411,486
445,,,52.73634187231648,544.4794154695489,998.958697026174,467,454,448
446,3.2662374068278366,,,388.3667794468818,,476,480,430
447,3.2794280245327374,-0.24096678067661603,28.749756449012487,898.0540562710935,1001.9698978229916,453,413,438
448,1.78037430482623,5.885609770646916,,577.1964672594372,1001.0915745786068,467,445,454
449,2.2760510832444956,,,1100.035790481862,999.2709410749724,477,417,431
450,,5.3829597873550155,,899.0370838341674,,436,412,489
451,3.2716607843740246,,39.26910014480808,445.1905375617066,996.5587692612511,407,496,442
452,3.0991120169490904,,16.16922607681775,200.89939285564355,994.364526587509,463,475,498
453,2.636910093562742,,46.536774083275276,97.45643739192724,,447,410,413
454,2.411773271711481,,56.98392735163651,1414.9724987210443,,445,467,448
455,3.025941713524132,5.806087410528743,,323.2173544384693,996.4194452182477,399,402,430
456,2.427697649254841,2.3851330456746265,61.67102020863946,271.9665993700172,993.9248018473694,462,479,409
457,4.105586962797162,-5.642695234009825,96.38433599487894,1595.3890603771015,999.913435305503,416,431,417
458,,8.923411137724845,48.874831575090376,-244.98231480406207,1001.3554438659198,454,445,448
459,1.6602989600250844,,39.72497714115883,592.2918542730321,998.4429701202093,403,424,434
460,5.075185406731782,11.25590191178101,76.09916015345411,559.5136366094407,,425,481,484
461,1.5105902986689896,7.455033446020275,82.77697551140267,,,470,477,431
462,1.8490469343740359,5.487318850941069,41.73576486672316,261.807328955701,1004.6803569453532,456,479,428
463,3.419059824673966,,100.94986560382648,,996.6977947478249,452,400,498
464,3.413405276424496,7.889379798179714,42.1043409947649,1168.2352641709385,1002.7033846968292,496,427,442
465,,8.433159185544138,81.18205438192561,,997.2696517119073,444,486,411
466,,,,983.3813806607704,998.0010828034156,408,418,433
467,,6.715377564040514,,791.90661448707,,445,448,454
468,2.498731867248333,,64.35285166887991,1390.484977927446,999.2757506705457,433,418,435
469,2.301871021031145,1.1860556598349392,102.4409354264339,1178.9258804458832,,478,401,483
470,4.384580160839074,6.356144569007704,82.42981153024516,,1001.1798474535715,461,477,482
471,2.713574586064244,8.286714102587222,37.97667315677366,235.05557261526656,,404,473,420
472,3.500069585028226,,,,993.0210532554213,486,411,415
473,,,,1025.8087800381918,,404,429,471
474,,,77.4793228396338,828.3453916435703,,494,451,407
475,3.0367862586307104,3.0328486948805846,36.75490258545575,915.8202035677878,999.9804386681728,440,452,463
476,,8.325096151455245,62.52371579922135,1210.2625020138848,,446,480,430
477,1.5896492423193307,,70.11569700993422,1210.7443575608397,996.5106752960608,449,417,431
478,3.450001300695475,9.625856166514302,73.39030473944563,,997.7094303858179,483,469,492
479,,1.2340828486513917,69.66795580088286,,,409,456,439
480,,2.290021162250831,51.23286822713822,,1002.4487851243629,485,446,402
481,1.6198266049281618,9.8214121456862,,407.7404978970911,1000.2664371227291,425,460,484
482,2.5041669947868375,6.1849215836868385,93.35753227692422,,997.4667219022419,443,470,426
483,2.586720927581129,7.164159818612459,78.12712419957322,889.4971234321056,1002.0746903584104,478,469,401
484,1.2806833320724509,0.4176863542736182,77.2060821049732,899.9975982036711,,425,460,423
485,,3.654874653756271,,573.5987567479112,1002.2924971219009,402,480,446
486,2.233960116477171,,43.849029969414154,463.50562004687606,999.6477083321028,465,444,411
487,,9.413030461643974,44.3037426927414,756.7611081104228,1000.1161375454642,491,494,458
488,,5.648036829929184,33.68968986666377,,,441,1088,1045
489,0.773882379022413,8.324835260883736,73.75048945939623,1043.4933024095837,,493,436,450
490,,6.543320122873903,,375.0782357583416,,435,497,498
491,,3.2516691419733594,66.06799520715764,1196.5910622151066,,487,493,436
492,2.436109759588745,7.185249175799631,,,,478,469,483
493,1.4778204431768294,5.452525488771661,48.946977034911754,,,489,436,450
494,2.9857212113724376,,68.28841904245243,378.3552602804088,993.5324525466574,474,451,407
495,2.7532791931811156,9.693195102095281,63.50342077015005,829.8552531180925,996.933168254715,401,469,429
496,,5.172762085092055,49.409684421027194,817.4520094338608,996.594470611027,464,442,427
497,3.1191139825983414,6.205657100203522,,,996.4404525787837,406,439,409
498,0.9250195138299526,,,574.0084550717125,994.8989826784582,400,463,452
499,5.997244782983083,,67.64204149943343,,,566,535,528
500,7.523546018063799,,,,1002.1505538326447,571,580,523
501,7.8215173089989225,-1.8634693165635277,55.96301112496789,,1000.2980431018252,585,565,508
502,6.851258150667137,2.9098593589776387,75.24792683448332,822.6830649141584,1000.8062365419761,522,517,526
503,6.954629588040708,1.065021054831207,35.508080508343745,-69.38908434709924,,564,590,561
504,6.295507074470239,6.631996194551732,75.53160751808542,,995.7445774733791,562,535,563
505,8.730315519506341,,91.46048268529455,,997.5395755635063,571,500,512
506,7.228927255504053,,82.70570232843951,,996.2944416702632,569,520,592
507,8.092741057290839,,26.42903528283395,,994.8300507674826,567,553,539
508,,,76.24087529530337,,997.7713607104671,538,565,574
509,6.969341135063216,2.367572911261712,101.44756900213707,942.8575007832563,993.6422224563945,531,561,578
510,,2.824340441124879,110.05586579569994,,,542,558,577
511,6.518689760642726,3.1937238805897996,70.1862022994009,,998.1979534192478,525,515,557
512,8.711425997011576,7.103198595674992,47.431605326844284,527.6170044944159,996.1230355705246,560,505,516
513,8.435387086252621,1.8510581362685006,44.81737652159758,-227.9647608047137,997.9012300987331,556,552,547
514,5.832479666758994,5.121584378863318,64.657538497713,822.480250154036,1002.4228506390689,542,527,581
515,7.040843424766002,0.024346621841117244,105.09817945741698,,999.3053672443885,525,511,557
516,7.362018195670445,,71.18162371293131,,,560,522,596
517,,,88.9298459326235,,999.2728607411416,533,502,526
518,8.10446023673315,4.358331163827879,,1064.5474026940335,,579,587,555
519,,3.864674106933194,59.44647698103651,516.3519628617163,,593,556,552
520,7.75568884284869,,48.09175693150984,651.2045551027736,,569,594,506
521,7.010281457155328,3.3573747745032163,,,997.3750820848334,561,503,564
522,,,,,993.320607424261,516,560,502
523,5.865291773431711,4.095046157278986,59.55263702765164,,,580,548,578
524,,,82.61165331587583,114.2916701461462,999.6535353625983,586,555,518
525,,5.344918532753294,110.49829058549132,,1000.7403167380146,511,515,557
526,,5.0626821287234165,,,,588,554,533
527,9.104077366629305,,112.28977051143949,249.9653870819098,,581,539,553
528,8.567514143463717,,,-142.573305435856,1000.5352175405103,545,530,544
529,6.375770367209126,1.5731760739661063,80.67517671720097,,993.8632365351332,557,593,525
530,,2.1282520726044405,104.46378956484601,-24.7386208614941,999.0015622725933,544,528,545
531,5.8629384617908755,,42.188015006619,,,509,578,561
532,,,,366.77692647278224,996.6604082721898,536,579,555
533,5.902721937580968,2.57424366057438,,415.3046669204363,1001.2138970230988,594,517,554
534,6.928690790368901,,39.91641206713494,555.3648245832537,1004.5169310799454,598,549,541
535,5.680660913349147,5.0979601033089255,36.250657453610245,,999.5754177983538,562,499,504
536,6.439907054122929,1.892705193193089,94.13955613192644,639.5235463605437,,532,555,541
537,7.164954557033364,0.38819247696251313,,-214.35699362601588,1001.9496149189803,587,518,579
538,6.368414212075548,0.7694418731791948,,,998.8387343544453,574,508,575
539,6.132930220437231,,34.82627325836575,,998.4508301964994,553,581,527
540,,6.869300864087347,93.37570648427466,631.8017994740233,997.1148973458634,573,543,572
541,,-0.035049986396325394,48.20894108397138,1063.2414842545604,995.2837856197384,549,598,534
542,8.711987012985992,1.4181753649289663,,,,510,558,514
543,6.375410520698288,,76.60245789327674,909.2776064367627,,573,546,540
544,6.787854196014042,4.969948009404597,99.62807356917682,138.73263405447852,992.4802794673262,530,545,528
545,,,,697.8636335256384,1001.5920351215836,528,544,530
546,7.657585892433178,-2.365675053751768,102.68236610522507,,996.6542650665905,543,573,582
547,,,34.7090990094933,74.81654405366999,,597,584,513
548,8.091259859221752,2.752197075779379,,,996.8693895394982,523,580,578
549,6.51097794172629,4.74601735148268,,416.36486829357835,,598,541,534
550,8.368220262225957,,,-108.30050328105148,995.4413640445699,551,583,577
551,7.891625117526808,,72.11309448458017,951.4222780047307,996.0378891220448,583,550,507
552,,6.022846182495801,55.97022968064239,,998.261451410335,556,513,519
553,7.514144713389246,1.1091050398327207,82.16158535174755,,1002.8277664990813,539,581,507
554,6.949950307590166,,,,1000.1871147840126,526,533,594
555,7.743952846164894,4.385334357730761,76.75397659683983,112.5913569004249,997.4274871949497,536,532,579
556,5.275949796461873,,,,996.0719056680944,513,552,519
557,,4.813394687463254,60.16538833814637,,,529,525,511
558,,3.2786824336469467,58.96756721556047,452.06656002665216,999.7034505768078,577,542,510
559,,-0.38647429197723504,,775.8759997045379,997.0147596820849,590,589,585
560,,7.066147525148188,,632.7813367140631,996.4900468621737,516,522,512
561,8.050113693779222,,,779.5204641482187,998.7383192272472,509,531,521
562,,0.730718724215043,84.89773405533955,151.53602688418607,,535,504,563
563,7.797876496421162,7.631196461012429,,-307.85426092075886,997.9361812422675,592,506,569
564,7.552524313157997,,55.36580730622916,650.1439052124518,999.8761954610858,503,590,561
565,5.846906738195819,,69.08468305420537,511.3752033547605,997.6509914658902,585,501,508
566,,,48.45674891865574,,1000.899533370127,499,528,545
567,5.561022165525757,3.484668025067013,,676.8176168800586,995.7804991325906,1099,1131,1150
568,9.027739513817519,6.858084883829909,82.65860902379563,,998.9714838664797,595,592,569
569,,,84.0606742377845,433.84357540439925,999.4869231761944,506,520,592
570,7.072148862392285,6.396593308649876,48.13463298712193,267.0340892012274,1000.3241032550475,576,501,589
571,,,73.7294004741698,,995.6626540590316,500,580,578
572,8.489166426294245,4.919889958354208,,,,540,594,520
573,,0.44063894356443445,,275.11387991948607,,543,540,546
574,5.469107891613386,-0.6659952095266126,66.82383132733561,,,538,508,575
575,7.8018882142164845,,68.83896159938081,,1001.5681904598132,574,576,582
576,6.575533287136661,,,369.5783143953864,996.1634369543359,570,575,538
577,8.118854972135864,4.070083155089611,88.2465660419832,545.9168590577386,996.1561177728975,558,542,510
578,8.569548064582847,7.249059424073466,80.76724911700907,132.46648610840492,996.9292349027445,523,580,548
579,8.427731771067636,,33.60640858333119,,996.3574164461658,518,532,555
580,5.628162126883306,4.899251210459609,94.03041244406411,368.72729544176735,1002.7470678104693,523,548,571
581,,6.000254840288349,88.93611485917646,37.70992397924198,999.0288131846833,527,539,553
582,7.779214565214241,4.098554056180173,52.62834440706733,571.1956877061824,,546,575,543
583,6.897185705314986,-3.002140236894432,,311.33100200954505,995.3068856280031,551,550,507
584,6.413535378241613,4.8316152751863655,67.36754553431834,,,547,597,513
585,7.24025265459505,,,,997.6679142359837,501,565,589
586,6.0019443412284605,10.564417959525702,38.73292161693508,680.208934520707,999.5499139375972,596,524,516
587,,6.014998491295099,95.02793981334315,121.34609097504006,997.6006379531113,518,537,579
588,,4.430063674539209,90.40608114240186,,999.5640960081645,526,554,533
589,8.470996579505005,,91.01696038658575,260.919376151865,,585,559,501
590,7.718904921542898,,69.8006758317306,,993.1064963818416,559,564,503
591,6.833440422723092,6.105002397422861,62.45042640361815,,1002.5992275052095,544,545,530
592,,,42.10533945278752,279.3486342592273,995.9728541035529,563,506,595
593,5.810556529152139,,74.63134535516016,340.07719778463996,998.5630199107432,519,529,557
594,,3.50473585655644,,588.3406562688768,998.4542940829559,520,533,569
595,,,,479.2357451211782,997.7502938017187,568,592,569
596,,,81.89201681014858,939.6051894357456,1001.5147897207712,586,524,516
597,5.944053661475064,0.267451001289019,,471.83954055340496,996.0895789213735,547,584,513
598,8.021355658990055,5.461982122183446,73.74253934430797,1099.322760171024,999.2466810199459,549,541,534
599,,,,833.7568092627516,1005.6243295039474,630,663,638
600,2.0295619519376173,7.668159325146263,19.18818583047254,,,676,618,633
601,,,11.272100433260096,459.4257970357165,1009.579847594426,610,612,666
602,2.2894300567029755,2.0373702717493125,64.94953815117,986.874430159977,1004.9688962938909,687,686,626
603,1.6985077560534534,2.3077028514300677,41.4172316561985,606.0544451554811,1008.8392074448287,698,691,737
604,2.414435011279811,,41.46687863709393,,1014.0349421328036,609,893,814
605,2.949857901137782,4.465679154893149,45.12431262322133,464.6499216862111,1003.727179205275,670,635,655
606,,3.806363484014806,41.278487528644575,,1009.5198990887418,668,660,629
607,,7.302332716200719,-4.412849253205273,640.8723919764892,1003.8264048298383,626,687,651
608,2.502810027757784,10.03462900523964,26.902004733985834,-27.673738912730187,,641,611,674
609,,6.975500870641653,65.6527471458302,531.3512803765714,1009.1710309974292,604,626,607
610,,6.147988178681673,55.59730615489791,730.5878586978494,,601,638,612
611,0.8830216140642297,1.7031715674212586,,136.8306945406968,1007.9489059404987,674,667,662
612,1.2117336174189033,1.6717408643802685,33.34846927693748,711.1454250016814,1011.1418863196518,638,696,601
613,,,9.850147306884693,591.894013353581,1011.3060013467906,621,648,666
614,0.6954587891030133,8.53585966346521,,157.14489108082898,1008.5188128862002,653,605,619
615,,3.413592955035052,30.027086228334326,1246.3355490551571,,665,683,690
616,,7.0402283074097305,,812.369785605828,1002.1366539237628,688,727,660
617,2.8741928933305494,8.757211026385434,53.23318429497076,1198.7657318049673,,664,619,623
618,0.4248206373792438,,63.593974128049396,580.998865656653,1007.0996123405567,676,658,600
619,,0.38083713671428043,45.8369055241515,,1012.8476094783152,623,640,653
620,,8.566241032715105,,,1002.3805508683989,662,667,674
621,1.284629113368705,4.040549998498069,22.37640347796426,650.7604029575097,1010.0041645840429,613,648,666
622,3.699458930621629,1.2283725953133722,45.929133423873225,526.7250586886736,1013.093672918656,627,680,620
623,3.2828372246866984,,32.401753842949745,287.7623209921808,1011.946404670749,619,640,653
624,1.5474423336817917,6.292752077386265,,,1003.9368377645818,692,673,669
625,2.3938001271158282,8.728634485212728,38.09507568567966,181.53436268966135,,695,654,677
626,,2.733328168796876,38.48023249227311,447.5728028910464,1009.2514380627155,607,687,651
627,,6.180898750051781,,586.8132651348127,,622,680,620
628,,,,,1006.853084649377,650,681,672
629,1.3589402258918464,9.49927467073276,17.654417379938696,923.394049975097,1007.8496952871305,668,606,689
630,2.1719642547154527,,64.72097728100569,397.63110574971427,,599,663,638
631,1.1598509807066542,3.134146066142368,,,,661,645,635
632,2.8649983085249566,1.6573111638557378,4.092405453924087,,,693,644,671
633,1.795138667918538,,48.36653348288061,,1007.3888065939067,679,600,676
634,1.8929266656674617,5.1765168264101975,,156.22331293924094,1008.2088797470205,652,646,644
635,,3.094855112663035,67.66333076247746,288.93382287870816,1008.0432076175664,655,605,670
636,1.0975172250628504,4.175504222108422,,324.5554147379512,1008.9669549383557,655,661,605
637,2.797870886319631,6.310019133164646,41.95240653361624,911.1330289697382,1009.6810917951382,688,672,684
638,,3.7440604048648654,19.58209666018876,334.16261791787485,1006.1087297607542,612,696,601
639,,5.123462792501288,40.015607148426746,,1008.7822977594808,656,821,657
640,,2.573711638924758,43.604767960528875,,1006.3043558359345,623,619,653
641,2.487210134607845,4.86785932446007,17.383183902730632,1162.8725211548094,,608,611,690
642,2.765665358162811,5.844298912882217,21.67432663487959,697.7214871044214,,675,629,650
643,-0.20056443574411897,2.1809510217511043,,,1013.1721456271337,651,678,649
644,-0.5960623967791756,10.942731478837349,,332.630729855746,1008.6890773454332,677,693,695
645,2.4756748381165132,9.357613919513991,29.310809486130275,1232.065885962556,1016.0980493987969,635,658,631
646,0.4051143547677669,5.808062336670742,,241.2617672066894,1008.3452386066384,634,644,652
647,0.8899232683339595,5.862682432049871,,438.9577723325798,,625,679,654
648,1.0015935044815745,,,,1009.9963543962527,696,612,638
649,,1.5186010432247157,73.85896497804279,951.105233844155,,682,643,805
650,,,47.73342510481483,979.9323186876198,,628,681,672
651,0.8507012313256841,,,,1006.5114266057673,643,626,687
652,2.18853062859764,,,,,634,695,677
653,2.988963783086982,6.826336779939618,39.25338946787556,322.5754564313277,1009.8516164354093,614,619,640
654,0.4138636967070448,-0.010250696329410225,43.914379104748164,,1009.0088916548117,677,695,625
655,1.5276191244562365,9.36841772711331,,,,635,636,605
656,1.8111536521242575,6.215694399144158,5.724658269019606,,1005.0149535548915,657,639,821
657,,10.196339555336323,64.58906358694011,580.7030939535464,1003.6806653939523,656,639,646
658,,,66.55163573453729,1119.1250821046879,,618,676,670
659,2.56673044181323,,72.6124158818663,,1008.8385720686849,673,671,624
660,1.3588227465346145,7.486854204251624,35.396517802018934,,1006.9258007462032,606,668,629
661,3.538773941160005,2.701055429962923,31.183811263349824,,1008.0442162855272,631,655,636
662,2.3096639858949537,11.107109180637554,,715.8137111820711,1014.0255605520739,620,667,674
663,1.551151319647972,,12.4999069373633,1006.022199959828,1009.8425722676992,630,599,638
664,3.769100570312561,3.041434805682801,32.808888221221125,444.6345318445753,1012.4855029762643,617,614,619
665,2.268200487963771,2.960586409624055,,,1008.1642734494438,690,615,641
666,0.5377749380747663,2.381379705143787,48.981070934757064,338.61180159498036,,601,610,648
667,,3.0512175541218944,48.96629155663516,177.7463351055373,,674,611,662
668,3.700769505670963,1.7604712784838545,44.99634870404247,719.4267874983024,,606,629,660
669,2.3533910559483138,4.679227198339199,,369.7683969379452,1003.6420564987819,692,624,640
670,2.3364890211021923,6.757959307714586,38.75460794659622,,1010.8210137435776,605,635,658
671,3.057105434442278,11.651415409859915,29.272265994342487,418.0631425930289,1005.9768226610931,659,673,669
672,3.198678722467667,,49.07246883734288,94.80894859406345,1008.2573983286981,684,628,681
673,,12.652352320945525,28.23962817857789,,1009.7043937544461,659,624,671
674,1.2852546258434083,5.494572865920539,53.168495793008006,,1007.7063119952644,667,611,662
675,2.804346041638988,5.58483708245104,34.44460365374757,196.25971872566112,,642,629,681
676,3.191655345871857,2.5883359098334537,,626.1217341363586,1006.9850111028748,618,600,658
677,1.872634615883664,,64.78296793753768,172.69158035219345,1005.2735197243614,695,644,654
678,0.9250247340113067,5.465434036231855,53.299490089732295,556.3460715976441,,694,651,643
679,3.4482691251839777,,,417.0984263617538,,633,647,600
680,1.721645720284362,3.146947986503941,,752.2663440224383,,620,662,667
681,0.9631813360590598,,47.82005904855646,,1006.660347165596,684,628,672
682,2.2014514663822546,5.450789773102471,46.39373445209861,-103.24048707490806,1007.3391461720859,649,643,678
683,,4.27751891268548,38.79905632190873,,1006.8160169448074,615,665,690
684,3.613334922011462,2.423038187903163,,,,672,681,628
685,0.10228937174949748,7.2951273682984965,74.73343595324164,,1007.0836491893722,662,620,608
686,3.299082573776279,7.01652312704195,-0.728364036830726,-137.03257791655597,1012.9080211663015,602,687,626
687,2.553184425972302,5.083081440848443,,781.3911513381971,1004.9666698933356,626,602,651
688,,4.316604148985483,6.091076447184122,426.4030696807199,1010.6363970715895,691,616,698
689,2.54566999509305,,53.24472748981261,445.52002567917737,,629,668,606
690,2.26228661897317,,28.584009723593862,,,665,641,615
691,2.2190702096803854,4.553452440578922,,407.8176015073296,1008.9051305964649,698,688,603
692,2.9323529322684814,,20.53706846800666,129.64986625986455,1013.6410335422987,669,624,640
693,3.7430524278808486,,,593.7959150418359,,644,632,677
694,,6.18807218390711,68.07972829526926,784.6422489072552,1006.3447832881272,678,651,687
695,2.9540316671351476,2.3411505538279727,,611.8017038394147,1010.7694566211715,677,644,654
696,2.7120509492248903,,,999.3974429112066,1008.3576351487793,612,648,638
697,1.4206633427843078,7.075980263330836,73.10465479405813,650.7935066379905,1008.6402895809568,631,645,661
698,1.2381805444839413,5.728082614359617,42.08861203831211,765.3165457636674,,691,688,603
699,,,,862.5768120250382,1002.9438379674311,756,730,711
700,3.547691702457717,3.911764436409458,,-42.67799396197097,,718,705,738
701,,2.663853170916388,,907.5481885912054,1009.1635760392412,734,706,781
702,0.643590792761748,2.1094851902704392,102.6147295134597,542.632237926945,1009.7300185437936,785,772,792
703,-0.8625686534341959,3.4457701281458113,106.32040550811878,570.5522949962544,999.737917359395,757,743,759
704,3.6519991181342113,5.295121106710312,,705.647671717096,999.9818635665304,768,794,744
705,0.8637696296436649,5.337383618810643,,1008.2649612365628,,736,777,789
706,1.1037493399709664,,79.72836971016746,,999.0837446877368,734,773,781
707,,3.520374217043058,,942.6574491211595,1005.2257433108786,716,781,721
708,1.2586704644560385,,137.55825088727966,913.4316839484466,,723,757,795
709,2.4877433319614575,0.54490854928784,85.96330653617237,423.1857287836549,1003.7929713363144,748,772,741
710,,,35.32990939601203,,1002.2239725776986,759,743,715
711,,,,976.2299805531965,,729,756,733
712,2.4663513758566715,5.629408305610008,,,1006.7169081629636,737,745,786
713,1.3536221825367627,2.2006094107048524,99.25812388921418,520.8282686947964,,739,768,744
714,,9.460323459552896,101.06336283708237,,1008.5809496989477,766,786,784
715,1.363209761002969,6.74805703908536,,,999.59392880788,765,710,714
716,,,79.75178598796401,1252.6116611152052,1002.9213013790572,707,781,721
717,0.802089240284166,0.5018115072099838,147.42362570670983,,1000.1693409029153,795,723,720
718,1.4328745920492785,10.362656237606389,128.81004473423997,,997.9828805199113,700,705,732
719,0.45943421229230963,-0.8779764039331348,,646.2589849955201,,755,798,777
720,1.295630654980895,4.059169343673164,,978.6261539032716,,717,723,744
721,3.0798442368337016,,117.35652626124536,95.31299817560534,,774,762,716
722,-0.8424329199610465,4.473364446990942,94.98533146211193,949.6661074912608,,754,724,727
723,,1.4541442616806544,,552.3251160908312,1005.1031121658591,708,795,757
724,0.41906487160525996,6.0961751411005345,87.23403608400574,817.0602994458037,1002.0660276703999,722,727,726
725,2.0627364666653065,2.0859994906306776,,,1000.1030139426634,732,764,774
726,1.01805510965628,-0.719391790168368,106.77830586519363,,,754,762,724
727,1.0227983996893713,1.6949733226402124,,179.7419813453372,1003.4408794783227,722,724,754
728,-0.6797914849149362,,92.34491208623754,385.69281696778546,1001.4729686158889,778,792,769
729,1.8124230006825046,1.9567104593730058,117.04530506122182,981.2406714014593,,711,733,770
730,,,95.46413172866673,1401.6951590220738,,756,761,711
731,-0.25027081846872656,-0.18038608432189962,65.22159862196582,-123.33739865500968,997.5728111048303,783,787,775
732,1.615135458353951,,101.12123048816329,1027.5290412560425,,764,782,725
733,0.8786053889862049,0.5893988461295754,63.65402768438331,1075.4701348453643,1000.7955337358964,770,796,729
734,-0.28089527133755654,2.026053429538004,96.95379738751541,,1000.8853766279947,706,773,781
735,,5.101800556696595,114.48143384874821,140.8292830102754,1004.0483267897173,760,797,790
736,1.6705693906174532,5.296469850760563,123.50722042833635,,,777,705,798
737,1.1491613231433755,,101.62239218420508,,997.4389466886454,712,745,786
738,1.3270638038828972,2.926515428206507,,464.6856879341139,,789,705,700
739,0.6470383098581782,5.28224178714518,,,,713,779,768
740,0.09447235955632927,7.143721944076054,105.62250351270785,,999.6483413518998,752,797,737
741,2.6761854255764614,4.153617327582802,111.10388780507313,968.2039304843672,,767,709,791
742,1.6809960077267707,,125.75825844277267,1010.1663943518736,,754,756,722
743,,3.90046576151172,128.20969057357516,,1006.0366150493667,759,703,757
744,,4.53978460226489,78.04876318570851,37.40041283435562,,779,788,768
745,2.195056139684479,1.3728540250497918,114.1372576466236,734.0797792918909,,712,786,737
746,,3.2358722421072015,130.35135123824938,946.5258432130115,,769,748,741
747,0.9478347083701596,1.5450001306894738,105.46858664607143,489.4588616909843,1002.3988033352858,760,797,735
748,1.3536836012498141,2.7406330030499952,86.88666558067249,,1001.4349402551226,709,769,728
749,,6.947129313735319,,948.5737468804768,,780,779,763
750,-0.8104296677951879,3.6243836689583437,107.2844515065175,954.6706264703862,1001.5679028249896,766,780,749
751,0.09669193771989226,,81.52519849539874,736.3761312042307,,763,793,788
752,2.0540450911893133,0.5265936411201082,,401.04359984509665,998.4739261464008,784,740,753
753,0.01912312327101684,3.6012514457087117,111.04355918340477,,1000.6920608158491,778,773,706
754,1.3520788914043784,2.614749648245263,,,,722,726,724
755,1.6659818403106037,,112.86743014403821,916.5906534944507,1001.3985525055,719,798,777
756,,6.6336238139018695,112.87550390033815,1446.741172653213,997.8476922887554,730,761,699
757,0.7715663868972974,4.78030858427392,101.9569298659374,371.6265771225082,1001.8562567966442,708,703,723
758,1.364483904245827,,,,1004.8431993410949,771,731,783
759,-0.5148466572154331,-0.2459376551645467,61.40604882541914,186.8906158899673,1004.5957935094616,743,703,757
760,,2.8634426189598567,52.39822295952643,765.8482966208647,,735,797,747
761,0.7029419182426239,,89.70450282137341,428.0231619882265,1004.1374488276947,730,764,756
762,,0.43731554053652255,120.95032241842617,,1003.7344227202943,774,721,726
763,0.7541246596144208,-4.708374995122827,,532.5450309394263,1003.6327058404926,793,751,780
764,0.8720510578803675,3.4342246278546145,98.31364166557309,661.080435648332,,732,782,725
765,,2.1115942198069093,116.74790299493276,428.75924477866414,1003.2823258812972,745,715,712
766,-1.6230042844775308,,120.62243157048466,693.9407069569637,997.0010792274114,714,750,780
767,,6.325647501526686,93.28489659968184,618.0770440610175,,741,791,776
768,,3.967158662436143,,154.12596564083606,1000.3199395477715,713,794,744
769,0.8425560152882496,,117.7932991778043,1211.3469367429093,,746,748,728
770,,4.113850800228234,82.01585835641316,956.8326676120785,,733,787,796
771,1.0684265587418822,0.8886677569607704,97.04499606560601,637.9418540219671,,758,789,798
772,1.3125362924833865,4.669865499874369,116.41070456041834,211.19090287881494,997.2915240127043,785,702,709
773,1.4542531851503622,8.871010745221412,,182.62932108470534,,734,706,781
774,0.21152812469814952,5.523089094181851,89.19716541674194,334.357648184804,1005.7444084462968,721,762,725
775,,4.6876568778847485,123.110963666072,860.4116453068497,,782,764,738
776,-0.418479846109691,4.3269512233262715,,1184.0055219416706,,791,767,741
777,0.8602466597890789,2.2047844291660486,91.21942335965565,,1003.9127228978421,736,798,789
778,0.44464514378690134,6.6667567257768505,108.5592294872111,804.3695645509632,1002.8349326734653,753,728,706
779,0.4980822211479856,3.4995064868855006,,,,788,744,713
780,1.6931185215037656,-0.7302869200665807,,,1004.1497557230359,763,749,793
781,0.7546395031498353,4.045738230658552,,,1007.2139016568923,716,734,707
782,-0.26943185908585443,4.897736975608376,73.57592316091433,901.7250627323477,1007.5104141735247,775,764,732
783,,,112.44055926733722,1698.0778189629257,1004.3238492367439,731,787,775
784,,5.3443886749668845,102.5259859530296,1052.3838927533448,,786,752,714
785,,9.441455297417773,109.71922241663992,587.2647675071983,,772,702,709
786,1.0800997455382506,0.27494840955798505,100.71540827608598,1291.3286635846655,,745,712,784
787,-0.3394111207653079,,,826.1294263690432,,770,796,783
788,1.413450963825166,7.851244718156757,,1059.0991260354815,997.6725226042355,779,744,751
789,,2.8719560971617337,,,1008.1088188560725,798,738,777
790,,4.103951088186975,80.3054180105926,756.3238711528155,999.937543841643,735,773,707
791,,8.427555128793106,,579.9019438702719,1005.4618462298972,767,776,739
792,,6.0602050479388785,70.83497035848248,908.6166398654857,1000.5518276259296,728,702,701
793,,7.769163174928391,108.32248130637664,1070.0467203788128,,763,751,780
794,3.054289530002812,6.714350270915884,72.5679945989116,,1009.2747494457969,768,713,739
795,-1.5318833133900305,0.07042667730857266,55.79307803436831,,1003.1295336112888,723,717,708
796,1.4238146840382535,0.33674879870994356,96.05816488101875,732.0602348184058,1002.5945397434136,770,787,733
797,0.044316484409363976,,144.09491423141975,780.1075897869994,1001.9101179589062,760,735,747
798,0.8663257896782208,5.40886580266184,69.43945633867634,511.4920215663876,1005.8557874082392,789,777,755
799,,4.28146333506617,,150.38340887491256,999.8135327628025,825,885,883
800,7.249902510691157,-2.7569713429433698,,,,820,868,844
801,,-3.074243564428844,,,1006.6011231438551,861,869,988
802,6.2970484291574556,5.164211052672831,50.78390057539717,878.0857827315451,1005.8531954416917,882,831,833
803,6.871865217501627,0.4940206027627705,9.018763680745126,,1007.0243141211745,806,896,873
804,,1.1159376697058812,29.801554198804812,1278.2245030268455,1010.5114452054132,898,879,889
805,6.689523198787935,0.4958373521275228,,609.9704926770153,1001.2065874019706,891,834,816
806,7.984589903189887,0.10399025305615495,44.44702562665544,,1008.617026072307,803,853,807
807,5.881718114905987,,74.28808911047587,321.5746729759519,1003.5140175445725,826,896,806
808,6.955129918923273,3.7426613785233003,28.384671019273284,,1004.3757043367712,872,832,890
809,4.81944711380223,1.9172939365152173,52.404884132268165,892.6937286404848,1003.2740732152953,859,888,836
810,7.470473939296438,-5.403108950675758,,,1007.4785767858644,822,969,937
811,5.978442116376972,-1.3784943527683824,34.26488570114659,525.2038893459566,,815,852,823
812,6.710861471069478,,-12.920901261458845,,1006.4259672630762,828,819,844
813,5.1881649479252765,,9.937923511164023,882.1095998908851,,827,871,822
814,3.748786934710155,2.9378474055840185,14.183174538963943,1015.5279526381628,1002.5331777762134,893,849,604
815,4.87389981400816,3.184071436818707,20.332941435777933,847.607709549025,,852,811,850
816,,,30.537878835842434,394.9807091674734,,834,891,863
817,,-0.7577296673651777,-15.447043376764782,1032.041646874426,,858,856,887
818,6.6708259593192185,-4.7414672837489995,15.205697864747313,,,838,845,843
819,6.063383426591564,1.1195633891363386,14.665319707567363,,1003.4933856246263,873,895,896
820,5.343204119535767,8.161049883986372,42.36022832694009,,1001.4631557994222,800,868,844
821,5.71163681754728,3.5882150793290366,,1454.999647790191,,890,872,639
822,5.780206504255483,3.2859785260095773,55.515746370174895,-308.92668747048765,1003.5785095861047,871,810,827
823,6.200247960806925,,,423.02729657478324,1007.5788214892876,862,852,815
824,5.154499758969335,,,817.8955578028138,1005.1878227716951,860,847,829
825,,2.9785633841718466,11.832094782201384,811.6007334762617,1004.9959740634714,885,799,835
826,5.666255229336432,0.2153112511230526,,,,807,896,806
827,5.854491639827492,3.2807659999877106,,,,813,822,871
828,6.893368707681691,,,458.91588966073334,1005.1283738278978,844,812,819
829,7.288554738453981,1.0779756928251079,32.27156099024722,323.0642841965759,,842,824,847
830,6.331198188011483,5.037418311558054,5.024595322305377,-17.73755489888481,1003.9031059454271,855,877,894
831,5.92463210189368,3.014806553980828,16.27574717214946,709.710967681961,,833,848,850
832,5.9388523444770955,4.238266200144518,,902.9187335176568,1005.8541045001764,839,808,890
833,,2.5393184139908564,,929.3096652393864,1011.2671458600274,831,848,850
834,,,,,1009.4595978326859,891,816,805
835,5.659774130235394,2.7683225890222913,11.011181702402322,553.8657570145826,1003.1404055445771,885,825,843
836,5.449003960693699,,34.57916163767443,856.8597009924988,1003.9207089967018,888,809,854
837,5.39596267374779,0.846481579613876,5.049157611158918,,,874,857,845
838,8.122589959603463,-1.891726817442934,,,,818,845,843
839,6.020305520730885,,-6.72586383968288,,,876,832,890
840,5.133739945552664,,20.48086434435951,451.0463904075899,1002.0832881945571,883,886,841
841,5.644111613677166,-2.091838203397387,47.520350245398724,,1007.2622573401968,886,859,809
842,,6.694061573011712,-6.076363864836885,749.5710965850022,,829,855,877
843,7.591464114097166,-0.37845002333404354,41.61941751732221,-92.617236378239,1005.9364289499727,838,818,845
844,6.00058733803662,,-15.21806138649734,444.1413544191678,1009.6055857564311,828,812,820
845,5.535968268182028,7.004657816892214,,1053.577937776822,1006.2407754963268,838,818,874
846,,,46.561493295898174,415.49219622911966,1004.8817830213746,870,862,823
847,6.154870365348072,5.492677664584952,27.33984360154786,597.2851301484433,1002.8782922203574,824,860,877
848,5.159350656019091,0.6597060114608804,0.22553362432114454,486.36791274340777,1009.5266683062328,887,833,831
849,6.010685782511002,,-5.238868178803994,431.99383798418353,1011.114890724355,814,893,865
850,5.4562596095444915,2.5761771676578165,13.566166431566986,676.5927443002068,1007.8368256954685,815,811,852
851,,,12.635197336593599,188.57542922485283,1008.5816019669709,863,892,865
852,5.026657786768935,-0.6556818611314945,,411.118838040599,1005.6553708754535,815,811,823
853,,0.5168253943336225,31.354261997594786,873.7206292225433,,806,803,807
854,5.883982714546208,,,776.9382256200512,1008.9040423318312,880,898,836
855,5.3091417856422085,-3.6785055111965095,33.1679223974264,,1004.9536448887533,830,877,842
856,7.038955475703893,1.0658319163141967,41.69630550628085,723.678642770606,1005.81950886873,887,858,852
857,6.981271848028589,,40.0000905014515,128.6948356949319,1009.8513341612414,837,874,882
858,6.6166208035641585,,17.66768704362502,801.6463497554776,,856,887,817
859,5.212512967664846,-0.7865342593072571,-20.80769303872617,1120.0550031901598,1004.6885599957608,809,841,888
860,,6.743759677211052,,763.5101284163791,,824,847,871
861,6.599339905036371,-0.1596287921579025,29.221739358372215,,,801,869,988
862,5.621804737326653,,14.136153199381996,,1007.4883223224776,823,852,811
863,5.944531233120557,5.36387764668947,3.5835075415719615,990.9300239688674,1008.9482661721887,851,866,816
864,7.983488054493826,,,475.8137872282609,1006.60452548136,875,876,881
865,6.077888028027874,2.415295129193755,10.456059430042785,917.163422565212,1005.6462106958256,892,851,849
866,6.404584414448745,5.13563733349401,45.06947798550394,1387.7779123004827,1001.6179790019124,863,816,851
867,5.150990490093185,0.9701323149560936,46.69821675883166,577.619076372235,1004.8888354233577,869,884,836
868,,-0.5257499054144508,,816.796984057213,1008.7766502395348,800,820,881
869,5.47268775938024,0.17195831145307316,39.86168471854733,277.04420851641487,,867,801,884
870,5.757312066363971,,21.389077584661802,,1009.4122024325287,862,823,846
871,7.10694984600854,,,588.3487643688353,1008.6926515130323,822,813,860
872,,,55.033224422686125,772.9874771685091,,808,821,832
873,5.040085016287915,0.7212850281489092,31.59457418931283,864.3003178523561,1008.3632701803356,896,819,803
874,,3.132950078725688,,1020.8057747671288,1007.0791928015063,837,845,857
875,,2.4234740413676303,22.563390766900277,781.289409547077,1005.1030906974041,864,876,839
876,,1.8947189759196357,,146.6863646430147,1007.5081981589482,839,832,875
877,6.586838602114991,-0.6689315686756556,29.874965350397417,971.7203492786574,,894,830,855
878,5.82460725890921,-0.24029448958537847,,163.83986470378824,1007.5732996570163,806,853,807
879,5.566573743157842,,-17.54024650054744,751.545294650185,999.9169837818947,898,886,804
880,,,14.955804570646102,,1006.3704426459293,854,836,898
881,3.631107068720971,,,,1005.025708530812,875,864,868
882,4.4072788645341285,1.4186753946827264,23.381200381671558,854.186938854783,1005.5825770129754,802,857,837
883,3.558329259757168,,37.43255517068077,,1007.632578575666,840,897,889
884,5.737266171730091,5.9961583619295125,36.10311197557711,416.8179447698486,1004.4110028961835,867,869,836
885,5.177381681289137,,43.07446135189722,637.0764091148998,1006.2559367040816,825,799,835
886,5.957731661668175,0.5977633922352408,,645.3830721173101,1000.6943243187987,879,841,898
887,5.608729799162549,5.466176549109322,12.35823801331824,211.1315395229941,1009.4816174746829,856,815,852
888,,-2.4457528959808954,11.356378306339316,757.2319349356708,1002.86793563398,836,809,859
889,6.3285638932885435,,-10.866986491256306,34.59324919544963,,897,804,879
890,6.838048583953284,,-7.488491021334411,,1000.7371196659794,832,821,839
891,5.092118387238855,2.940293007355047,28.941696231336486,545.1769186989886,999.8404498057985,834,805,816
892,5.958254486739368,7.456786145967418,39.2108193154963,-25.929818708264975,1002.4192752484668,865,851,863
893,4.005664356594869,,,435.1121398306899,1009.7370426831843,814,849,604
894,6.108164255819282,6.675153909103983,,554.784301490106,,877,830,847
895,5.410714310993782,4.882675684374487,,,1006.4207800640274,819,873,803
896,5.01501976637551,,49.36691427991529,1299.9104469837707,,807,873,803
897,4.963822600288674,1.463876549322661,18.041376358518104,139.31904748801492,,889,883,840
898,8.03968603715892,1.1936991882332582,29.714246824954422,1035.8763207706363,1002.2430755020097,879,804,886
899,,7.906073720842738,30.770291298578925,1050.2802460661276,994.1994983318014,915,936,987
900,4.392016438829808,,43.40183237876024,631.4173764016333,990.2833457521409,958,920,908
901,,,24.475150644056967,1164.4192928448572,989.5214848717126,917,978,961
902,4.258530510572073,7.0543127052546835,32.91647645358319,1015.9037869040156,,985,960,935
903,,7.492863930604423,,807.4597353317259,991.4324979939879,947,997,906
904,5.708474121054488,10.999150166362426,,161.78568689277472,987.482656710894,953,989,963
905,4.871487602578895,14.811755111024283,62.84305988910478,1056.4832905986616,988.8487101332053,922,950,931
906,4.839360170478486,8.191040291182016,49.5852484943483,,993.8998578412645,925,903,940
907,,5.566991281941421,38.59869982133037,880.3723019403482,992.5704681363449,937,928,969
908,,6.689758788761275,36.09536908170682,1296.5840101911604,990.4173767261578,920,958,900
909,,,31.929051085468853,1016.9836981879024,,991,934,964
910,5.0654385393353065,4.396873273598213,31.027109015649764,473.56701267503297,988.2534061577329,944,948,939
911,4.578529166688928,,50.20568159125486,1192.1711687218099,996.0127034621042,970,956,958
912,4.658783116325566,4.716270668604234,,,,962,935,973
913,6.3120365067494255,7.973268531259046,42.83093450812406,,989.3733838533302,932,979,927
914,3.177067512165256,8.021480267963975,,,988.0997716004117,923,968,957
915,5.215375926561661,3.5815043180819757,47.560560669735366,1045.30080961475,994.6465268752314,899,962,908
916,4.329286671684126,5.912941404604145,47.47911803848987,,990.2509817160801,992,936,948
917,,5.16226567893187,15.795920485938133,1205.9921941775501,994.0966214555733,978,901,966
918,,6.818536946676487,,1008.3926979730272,,952,943,974
919,5.492233109846561,10.277913480686312,46.03263936983113,297.9577023903655,,924,990,975
920,,0.8617221058837732,52.24856862438976,,993.9675773553487,958,908,900
921,,,31.27688313408877,1187.1165472108028,,980,988,955
922,4.885106135755954,10.29905665755903,27.60931985361646,1134.5892509933485,998.2277048948314,905,950,931
923,,7.655972299609557,5.433366446632579,,992.7195577320758,986,914,998
924,4.070769974819939,4.455301108511046,29.21927319558078,1496.7457553201543,986.2844341288089,990,919,975
925,5.190915320510191,2.0301612723571196,,,992.6497352743806,906,939,910
926,6.001555629245316,3.9261699337272473,27.07301805723941,1459.8416438779907,991.7225812672664,955,921,983
927,4.902578509602301,,19.023112138199348,1326.619817976045,,979,932,913
928,2.880403017680586,9.551972919132137,65.12231816757694,,,937,907,965
929,2.8030782600115076,,52.69735069760863,,991.7334177190438,931,974,950
930,,7.150893686919177,47.885489182473506,,,933,997,938
931,7.01184201914618,8.048640457672535,34.15788736744144,,,950,929,974
932,5.302010747034313,7.261823731389591,,1115.1880195448769,994.2485148422394,959,979,913
933,4.510338359758098,9.456129332327357,,1391.2381783039757,,930,938,997
934,,5.575371499307112,12.739752230107214,,,991,964,909
935,,5.293731263881165,21.562945144611227,1154.0328072705174,989.0242370283648,960,912,902
936,7.203514556294529,7.175879256163694,,,,916,987,899
937,4.701171542681616,5.532677818738322,-2.5131382201333423,1472.1618417431696,992.0612494225834,907,928,969
938,,,43.82875361952674,1254.066091677253,994.4114374739033,996,971,975
939,5.626820481067724,5.68878713692277,30.762066933489557,,987.9897436147482,910,925,948
940,4.934189245363712,6.26939690890046,11.549555372191055,926.4990412992931,,906,903,925
941,3.156134791300465,6.718665748114543,,798.7129151712925,992.4358505598707,967,984,957
942,5.109972542696482,5.152051579478846,,,993.8355444044596,987,968,936
943,7.006561126977664,8.243948239452454,,738.9637362921308,996.3635512754496,974,929,918
944,4.242149400496092,7.606287191903954,,331.6889449083865,985.2144079623562,948,992,910
945,,6.107318376656993,45.36112709183081,670.2342895823097,991.5703674043979,981,966,993
946,3.40750684700599,9.044981782129796,35.056654331073034,1515.0166023476656,992.9488740329805,960,951,935
947,,,,,,997,903,906
948,6.3370321440963355,,26.387630637783502,,,992,944,910
949,4.756746076205584,,55.98962829829896,,991.4688179217633,956,939,958
950,4.768976433621714,13.189724807671107,38.99203510862803,,,931,929,905
951,4.661070717758162,,27.724859305480972,1008.4542147143146,989.6489740384354,960,902,985
952,5.318616015428612,8.168601906269657,34.11867089879742,,986.5200714199399,918,943,974
953,6.397038729141535,2.6741772888517703,64.5990522253172,776.4630890249515,,904,963,989
954,,9.537016374396874,-7.552340185338004,,996.0193310287945,901,952,961
955,,5.664061715268822,34.00999542415074,1033.4472004119946,,921,926,980
956,5.431568126474008,2.523201904464841,,353.80258653820954,993.9703993857066,958,949,920
957,,7.635354324725941,52.50214211806963,1080.8650674610328,995.3456778316156,984,967,941
958,4.702615428992396,5.898449827439495,-21.251016470457373,654.8040875242326,990.610569015258,920,908,956
959,6.638962314523427,4.077845246860129,32.10735092390323,1137.8416742637935,990.6227510321779,983,995,932
960,,2.9743938243991517,12.258813185094905,-202.76655593261626,987.6753876143746,951,935,902
961,5.172037366357668,2.3511030762888696,48.37064921031502,,990.1435852425435,965,928,937
962,3.634982845715698,,55.335338811716205,608.8008160652914,989.8006185773255,912,915,973
963,4.578734317259979,5.789335417032724,32.32640812280198,401.4228109979224,990.2835952617003,953,977,905
964,5.880640148646433,,27.409013549338095,899.6852034283797,993.4138622506883,934,991,909
965,3.5274334480671703,,74.63234220076494,,989.697101438548,961,928,937
966,,10.293139978472796,64.05333774194082,1079.4604562710128,,945,981,993
967,4.363394987244287,9.616995505066651,,1292.6062671615857,,984,941,957
968,4.984161839325122,1.734458517243219,-3.9030703813802887,1518.5024702629307,990.0174890224567,942,987,998
969,4.6121852590637324,,52.036929841467284,1073.8723635305976,,937,907,928
970,,0.9774067722543087,32.76908633606498,351.6532177915677,988.8597560545599,911,956,958
971,6.1341571652425655,,,,984.868254716443,996,975,938
972,6.731630195057207,8.885683098040921,0.6719526321952394,655.1779966996904,994.5485479816423,994,976,946
973,,,,,995.0113570268003,912,985,902
974,3.714189566414565,,23.83665277774598,920.7031194731904,991.90807097135,943,929,931
975,,7.0854507618482945,,624.767111724859,989.0806691024718,971,996,938
976,5.7007847957258875,,32.94079800394058,750.1581610122151,988.6374539159331,994,972,946
977,5.881140523032215,8.837197387279893,,1741.186018045476,986.7899644452726,963,993,953
978,4.346796190010967,4.710027280452129,-4.889143675588173,,993.9332760028722,917,966,945
979,,,,1133.6790672101508,,927,932,913
980,4.181287395553419,6.2146725436377945,-2.0581889946470397,,990.55638358779,921,988,955
981,5.1627022111958984,9.436377370532263,44.4891063711224,1303.218983469938,991.2061245184714,945,966,993
982,5.669759991220714,8.447846025458523,-14.16891808734313,1333.8156904075222,,974,943,922
983,,,,659.5751103303023,994.7868802984576,995,959,926
984,,6.886729060239764,8.00320072239197,930.2338459064426,,967,941,957
985,5.616712619670551,5.311140368161448,12.386183100589307,334.926538132906,987.0210823321406,902,981,973
986,5.9718668340412515,9.6931172059823,13.119738434172781,,988.4956647829761,923,934,991
987,,,42.184271328947496,865.3804046987976,,942,936,899
988,4.264307214850748,,-1.0219517654824983,968.2398110551355,991.9273776567777,980,921,955
989,,10.417807679125243,31.160151951021472,1428.3112514133536,,953,904,963
990,,,,,,924,919,979
991,5.656238206304701,8.601354829664055,-5.785131071189504,1549.758649087616,,934,909,964
992,,8.472200245445896,,623.7346688838384,992.8819672912252,948,944,916
993,,,2.152094393067312,967.772963990281,993.8299872471418,966,981,945
994,4.443719938780728,9.420727521488862,34.336847137191015,1065.9067480471888,994.4556860081757,972,976,946
995,5.27216396573844,7.952637491615592,,955.0010166181185,989.4878269425537,983,959,926
996,5.931545752773245,7.154435217607624,11.877489567016124,940.7063190323796,,971,975,938
997,5.327532331182394,,,490.27351282603047,991.7866596929194,947,903,906
998,5.740813800501762,7.479508352970477,47.84529747613989,,989.1537838378079,986,968,923
999,2.1980949522399804,8.29758420068767,71.16112390417884,629.9723325112077,994.9287078392036,1048,1036,1094
1000,,0.7984100478104939,,861.0290173741291,994.6043307186472,1075,1067,1002
1001,,5.101519567733874,22.11904808393691,,1001.6488987352442,1035,1091,1054
1002,3.0465618905927636,11.726282106626973,58.94491586098111,854.5803865749606,994.949190858299,1059,1006,1075
1003,1.3201711411042822,,64.71630534819718,300.5577397559401,,1065,1053,1094
1004,4.395892327009225,,77.43838376397362,866.4494674122387,998.4122591564816,1050,1046,1021
1005,2.1550285781979714,6.678184703554237,58.00225537345673,637.2021214517893,992.8341093461402,1032,1080,1060
1006,3.8140069360500526,,,370.7270798017217,997.1045694841339,1086,1059,1002
1007,,,,,993.9319376782983,1052,1072,1068
1008,3.53424675425081,6.7346001708195224,,1050.3906700903424,,1062,1078,1019
1009,2.1929908704071055,8.037051508788485,47.743943615471416,575.7459814727628,1002.0702654964971,1023,1097,1017
1010,3.841640744329563,10.982213425703184,,381.1961193224225,998.4440319888024,1018,1027,1043
1011,6.441827381531963,-2.0938111199674534,69.62628573724388,438.68501618306203,1000.7807560738705,1046,1095,1024
1012,2.370842547577505,4.694010792492261,,672.3599052942875,992.9949946213108,1029,1056,1040
1013,4.177667126387734,,52.26371362375174,,1000.7513752637143,1032,1037,1081
1014,2.154919266202566,6.386495623095145,,,996.9117600938881,1030,1088,1087
1015,,,76.24000764963668,923.639496397321,,1096,1058,1079
1016,4.719957052964099,,52.81989423325263,967.5650891751426,,1092,1060,1028
1017,,7.576163200419446,73.55386169518277,509.55912136891664,1000.6459507144915,1023,1034,1009
1018,1.621718314009091,2.6671328770612197,,,,1010,1027,1000
1019,2.7048555861753827,5.4313011699899665,58.70195502028159,,1002.1832325893739,1073,1008,1062
1020,4.628855818062764,8.476918574433185,33.41186351588464,566.0549506619278,999.4230434457799,1062,1078,1041
1021,2.6225624554022895,13.410727479523988,60.525766716345274,1379.0196956622863,995.0732885932005,1050,1046,1004
1022,,6.933261651476785,52.11505438242503,998.0752400337144,,1026,1073,1069
1023,,4.248843709025334,,,997.3591178164564,1009,1017,1097
1024,5.58324255328498,5.741526773697178,,538.4055282196206,994.0463200309067,1095,1093,1090
1025,,,52.64738539471642,1282.144029511729,,1085,1084,1039
1026,2.7955942219111862,,48.587203622598025,545.8517393446355,1001.0548608968692,1022,1069,1090
1027,0.8901599743465303,6.783976741281649,64.01328942727733,542.8858846420139,996.0003392226065,1010,1043,1018
1028,,7.371995744360746,67.04819489389149,508.64041146231955,999.3595787459988,1047,1060,1066
1029,3.0523759310002205,5.371026522497008,38.0751345898536,731.5109868131547,1003.1132593950463,1012,1056,1040
1030,1.255806490511239,,39.43455898184352,195.15313885141882,999.3690996003756,1014,1088,1089
1031,3.0552190181760213,7.729662689383966,8.33294969561586,353.7802362652185,1003.0321830879735,1089,1045,1088
1032,3.433473393388664,6.2213580439333205,41.38468607688629,,1000.5194863523511,1005,1081,1061
1033,2.9499408102861633,1.1923277845991773,59.06281808591251,937.1667565482194,996.9592606408885,1079,1082,1074
1034,,7.64280598152394,72.8893739711108,1209.517789824431,,1017,1036,1025
1035,,,57.48616052199443,,,1001,1091,1069
1036,1.6287392860444756,,24.800699284522622,1269.26795411487,1000.1734583678241,999,1064,1048
1037,3.2529584958833304,5.251994005911454,84.66429319984836,721.0963696124993,997.4903553736865,1094,1065,1013
1038,2.5119884769575442,,54.312224446478254,1228.3460555821084,1000.9158075190059,1071,1055,1063
1039,,5.82651741399852,80.31073754983261,628.9904732380144,999.0743557742268,1085,1077,1025
1040,1.110495635526324,,33.3586899848561,798.276979249651,,1056,1029,1012
1041,1.2781486021886892,5.896569990066591,54.9979632362719,308.0000954888061,997.2131980276608,1078,1062,1020
1042,,7.14175877820622,69.13190383154044,482.49892216499353,,1098,1007,1072
1043,3.876230663154138,,20.486446153714304,-48.895970645400894,1002.6091220378564,1027,1044,1010
1044,,,60.216932956211124,554.1097435861625,996.7081265505268,1080,1043,1005
1045,3.6836028225972117,4.821198040535217,75.24342752641591,598.2685180709741,,1089,1031,1088
1046,,4.316104856457303,30.78341567171048,717.0175325959261,,1011,1004,1021
1047,4.072298764475949,5.244078956206905,,,1000.3236438237706,1028,1060,1066
1048,3.0365800420732283,,64.76638404503022,1278.540415649476,997.2718329889202,999,1094,1064
1049,3.1602242643916396,,,1124.985569600462,1000.4052763594541,1070,1053,1001
1050,4.305487313720102,4.92320348067921,49.40156660505217,1059.6946053518054,1001.5278266122805,1004,1021,1076
1051,,,62.75967960805937,332.39183605294795,,1087,1014,1012
1052,1.6755752813618228,5.791898348863572,43.24532036361842,704.3423458275565,998.152081708382,1007,1072,1068
1053,3.2205224979871945,9.359802754887706,,,1003.533403895051,1003,1049,1070
1054,3.164557162856096,,67.03789232932735,1062.8907760119118,1002.6679910308853,1077,1019,1008
1055,4.659466835024596,,79.41627777385926,730.0084138865395,999.6403364082659,1038,1071,1098
1056,2.027150855726339,3.542905316166321,,1045.1309579293531,1002.9783403030947,1040,1029,1012
1057,,,,464.48945113511473,,1080,1044,1043
1058,,,,,1000.3907296241945,1079,1083,1098
1059,3.006620435304011,9.749520645295522,45.5486049469694,997.099636298078,1000.1969714856933,1002,1006,1067
1060,3.191700301048533,3.233079309282958,,,,1016,1092,1028
1061,3.0290165532234026,,64.91504484403572,,,1081,1032,1064
1062,1.1107772301649883,,49.33382432900504,,994.1858353108042,1078,1020,1008
1063,1.4138252497557133,7.81407674754005,46.91579306465261,,1002.6071595129055,1065,1076,1071
1064,3.7582496550151605,,48.6401315999666,,,1081,1061,1032
1065,3.2380227284738314,6.544755191306333,62.366483323893036,806.8937624007108,1000.0627569485193,1063,1003,1071
1066,,7.391768798215497,40.65313858326052,1035.2011330239686,,1086,1006,1074
1067,2.2496728001782054,5.386449592803999,,689.6853667468292,1001.6571350595707,1075,1002,1059
1068,3.480103363527272,10.388470959928945,,987.0435189065477,998.17632593967,1052,1007,1072
1069,2.241287092478454,7.518448053296009,,,,1026,1090,1093
1070,2.650358980215758,0.03934631351586049,69.61812291904974,,,1049,1053,1001
1071,3.027134875332453,,,,1004.3557946364057,1038,1055,1063
1072,,7.029347341583842,61.437118186030844,1398.5870559360449,,1052,1007,1068
1073,,5.8984424241336635,63.499653974815544,,998.8455471633247,1022,1026,1069
1074,,,,972.9991312969237,,1086,1006,1082
1075,2.771474569268311,3.8663873123955605,,1130.5419863910638,995.7803650411495,1000,1067,1002
1076,2.3606744947552953,15.661705280075926,71.65573047773194,,,1063,1050,1065
1077,3.9697981607839776,,50.70815303402853,1254.8798211712497,997.4982085700668,1039,1054,1085
1078,1.911557926326301,7.028875358251444,65.46582394710732,,,1062,1041,1020
1079,0.8210804377118901,,54.40581323598916,984.4838728752184,,1058,1033,1083
1080,,,,1321.0554779758827,1002.4897770478292,1005,1044,1061
1081,,4.8793249703021075,71.8819072517461,327.7594999624479,,1064,1032,1061
1082,,5.993128878143201,,,1001.311553884195,1074,1033,1086
1083,,,,,990.0185922434443,1098,1042,1068
1084,2.830573383679472,7.854458052777128,72.38593657149521,279.44828780852504,,1025,1085,1039
1085,0.46914202262265947,5.2955516419186415,,1284.0153675885622,1001.9468099620888,1039,1025,1084
1086,0.9030137232843214,,51.8467569935425,774.0479764482767,,1066,1006,1074
1087,3.023690097356393,,58.68633091242086,,1002.1295312265845,1051,1012,1014
1088,,-0.9082304162759645,46.49247308531827,,,1030,1014,1089
1089,2.207847437322623,8.804547628555937,,932.1573752368608,995.9211556170783,1045,1031,1088
1090,,10.10149843055659,92.01470720567282,1212.5513828459877,,1093,1026,1069
1091,,2.4582742189596725,88.07702825141259,772.1972828873131,997.9779868359142,1035,1069,1004
1092,2.6747935579111712,5.1272615917039985,45.581243261792125,,1002.4928868601248,1016,1060,1059
1093,3.3153589234836645,,80.01959908430914,,998.4803633349882,1090,1026,1069
1094,3.0219946466400125,7.88611645315393,70.59266226926229,,996.0301909054381,1048,1037,999
1095,,3.3323429992399367,66.60827283455764,,,1024,1011,1093
1096,3.3429693803069744,6.66932260123656,75.0465631326527,838.339633520909,993.8923388010684,1015,403,1045
1097,2.7561240222718855,6.154945720373891,98.39240214402571,610.5621007969432,1002.7592248435716,1009,1023,1017
1098,,7.4975018011727235,69.50307253462688,622.8691250639413,1000.4803114879205,1042,1007,1083
1099,6.541718765255213,,90.35319313083157,,,1131,1150,1104
1100,8.571395984164292,2.801961820678098,75.56036482268996,382.61130560781305,998.1454601835462,1189,1111,1116
1101,,5.544933639647507,80.03189577360618,,,1175,1107,1176
1102,7.007264643091676,,26.63824582593803,413.719226587318,994.3845773781658,1171,1157,1104
1103,,5.680469846691534,70.70398374234763,725.8271239110038,996.9701883822248,1109,1145,1134
1104,,,78.93365173488945,274.5601092900574,1003.2229441336003,1171,1102,1150
1105,,4.682765877231826,,,995.669980442483,1160,1190,1178
1106,8.630658870657756,7.9069133673961485,50.296182081422,1.4180496180346722,,1177,1121,1155
1107,9.229005270739215,,55.53661392252812,693.057933560606,991.4208485484057,1123,1174,1164
1108,6.633439567834282,5.843949109144314,,604.3092625416073,1001.2354535761053,1185,1173,1156
1109,7.067910586189832,3.8737432817606328,,100.16781874697904,,1115,1134,1172
1110,,6.367412210877669,99.56058103071283,527.3652762118858,,1127,1130,1184
1111,7.249971236085118,,106.92357203769026,153.72136681919437,,1153,1189,1154
1112,6.595712034455196,2.256826789602417,56.13444664013184,,1001.4092427025124,1129,1183,1164
1113,6.003398170289532,5.10941376764198,64.0284256657199,640.8075806013774,997.6817451292242,1141,1149,1158
1114,6.189601176236724,,82.01352883325154,,994.5066203965133,1136,1197,1111
1115,6.289585897164425,7.621140194887501,,243.60414040496582,1001.3092975382798,1109,1172,1134
1116,6.147441361982958,8.370146266723683,67.07961646415882,-66.43579762581925,992.6285045794635,1189,1154,1111
1117,,-0.6280593645939021,42.24475161113574,651.7310316526966,,1126,1128,1170
1118,7.030950979509302,6.334194471107855,94.84192422763999,,997.5113946110945,1159,1120,1135
1119,6.094269245048937,7.017589122176834,,,998.3311913187493,1149,1129,1183
1120,6.907970295024507,5.539456983041262,40.054695238125504,80.37068622897436,,1159,1194,1118
1121,,6.322348559070488,110.62309047703363,-161.93905902465997,1001.1623352453446,1106,1144,1180
1122,6.720712724692672,7.900867480412415,71.07935690451745,720.5072043202567,997.543383846448,1141,1180,1116
1123,,,88.2496580868559,437.8902211070376,998.6166078430085,1174,1107,1164
1124,7.9894190890550725,5.37044913629242,76.15636305385792,,,1181,1178,1162
1125,,7.457166315768009,86.38286371630514,-261.7842489714624,,1163,1196,1193
1126,,6.224501104178316,,552.2975934264063,997.61318173733,1117,1128,1170
1127,,10.486174728805528,68.24286953050583,569.1841956721005,995.0514515166985,1110,1184,1130
1128,9.444559794256676,5.553731028564983,92.48107140904429,,999.7991793328548,1170,1193,1183
1129,5.713081826515924,9.369300808540771,,232.96695232288792,997.5331424682487,1183,1112,1119
1130,8.178505061725398,5.125118610513649,79.89128816803834,-184.8629828174437,,1190,1110,1127
1131,6.63970205744518,3.772091980517379,98.83446856705515,,998.0444498654969,1150,1099,1104
1132,8.872419526009958,1.9659905229296912,58.54092834666961,,,1151,1194,1120
1133,,5.801624190281232,,890.0223749799877,999.519167502453,1184,1177,1197
1134,8.401842198734395,5.480431915933932,88.08013265017078,699.2786730729617,,1145,1115,1109
1135,,5.181561942868077,54.88375405829471,,994.6533353599135,1156,1185,1118
1136,,1.2807728051531653,,,998.707926647115,1147,1114,1140
1137,,,66.38539696503337,,993.2814648540403,1167,1160,1105
1138,7.051477860695531,2.5025684272239737,64.98154177639047,69.01188504683319,,1173,1108,1185
1139,6.109410342772788,,67.5898915512771,,998.613526232105,1165,1195,1187
1140,7.999591914995323,,56.132455237001295,354.83117537532155,996.580477912299,1142,1136,1198
1141,7.778718766489232,5.162655445931079,47.90169352710553,155.8102678297976,999.9629502184041,1148,1113,1149
1142,5.759972942917036,6.929058612808264,96.90566625291065,442.36515809204275,997.0880802535064,1186,1191,1198
1143,,1.476103267755378,70.33697975041859,636.094895800974,994.0170027758393,1169,1160,1105
1144,6.093262422461763,3.562193302694098,77.66672331372058,526.2148603298956,997.4078097231082,1158,1121,1155
1145,,,73.70565304323291,-64.20450544957907,999.4816375509628,1134,1109,1115
1146,6.582402624829761,,,233.08642475117242,998.6438849325835,1191,1179,1198
1147,6.974576286394543,4.161527412085232,90.03096305790939,989.4021265282878,996.3197083079348,1136,1188,1182
1148,,2.1892532831227967,69.37230200470516,25.729614747783216,1002.5220820340686,1141,1113,1193
1149,7.650904459533196,0.5188742214527795,,350.9225131143148,992.9758358828452,1158,1119,1113
1150,,,,634.2526623755267,,1131,1104,1171
1151,,,80.09240174121118,567.405162524412,995.110951954123,1132,1194,1120
1152,,5.687549430585288,66.43890482754053,,1001.9791598690841,1179,1146,1198
1153,6.5657555033489565,3.2893978373106183,,,1002.2708783913158,1111,1154,1189
1154,7.835327139568939,3.340978919945547,65.89416124112806,,997.0052918368876,1180,1153,1116
1155,,-0.8699662108744466,,760.6847403428803,,1195,1192,1177
1156,7.4474737237164765,2.0968118183124993,,738.7170417791592,997.3779755780486,1135,1185,1108
1157,,5.022629898610726,51.07847805900947,658.2660878246816,1001.9753619527332,1102,1182,1171
1158,7.295617755334471,,99.29770563236288,459.32636421764295,994.7020858094103,1149,1144,1119
1159,5.0104567787887095,3.7711888951566643,,,997.7851783455758,1120,1194,1118
1160,7.879533504890599,,41.63943774328072,639.6045458371821,,1105,1143,1169
1161,7.2990687378354515,2.6952943712757413,66.85972129938574,509.71142060333796,997.8676846228004,1115,1172,1109
1162,6.870968134151002,1.512096075030628,115.22625093865553,,,1191,1186,1146
1163,7.038154179229751,6.523237352521791,80.38431337072205,606.0265819890617,1001.6994162430676,1196,1125,1117
1164,7.685448077498026,,,1202.5919072673614,998.6090774866599,1174,1168,1126
1165,7.347828386811181,8.838117514037755,86.85841293557654,,993.9349252712191,1187,1195,1139
1166,,5.704588825871891,,,997.5093670232735,1103,1161,1109
1167,,11.823521781248884,70.55976420485692,729.0322907682339,996.9604142000485,1137,1178,1105
1168,5.931902316703718,,,,1003.4650309446254,1164,1103,1112
1169,7.021527679559882,,49.187051744708235,100.15547910060474,1000.9229139029607,1143,1160,1105
1170,,1.4792273730628018,59.29619270773532,336.5805721549803,995.3801351701212,1128,1193,1183
1171,,3.741507816551057,,592.7599676325472,1003.2191016249498,1104,1102,1157
1172,6.8319047422454275,1.641192136850063,80.99945299474236,438.39895964872414,1002.1143029213665,1115,1109,1134
1173,,,96.34561751551877,659.4063817050035,,1138,1108,1185
1174,8.39376317632179,,92.96623605232554,,999.0463880065095,1123,1107,1164
1175,,,35.79130768129231,,997.2310241175979,1101,1107,1174
1176,,0.7329593288460714,68.02834054187176,,,1173,1138,1108
1177,6.067898139882516,4.875308401475901,90.32323833387433,204.6356464205449,994.6649848901408,1106,1155,1121
1178,8.292118223702644,4.761405336224019,65.43935287954909,336.2577933705089,998.9969640223999,1105,1137,1160
1179,9.418140579183916,2.257940255182096,53.29789795889923,,1000.184340264992,1152,1146,1191
1180,,3.3608459783454743,59.91836868017245,458.4819944593177,1000.8980635188855,1154,1121,1106
1181,,,108.82394471665992,,996.8576080057388,1142,1186,1110
1182,9.388913934559419,1.4287809980670958,70.10502618246115,847.1258173954498,997.0678091924941,1157,1102,1188
1183,7.66862430888647,,91.75737256350834,430.55436898855856,997.341460805309,1129,1170,1112
1184,7.232797774758061,8.158680511211735,82.7625380559385,504.52595351352187,,1127,1110,1133
1185,6.536495659096974,2.4503022360947293,52.28493200395789,,,1156,1108,1135
1186,6.814033629186551,3.4287770362539023,88.3430373738917,393.1218531867038,,1191,1142,1146
1187,,8.339069033949418,51.760426651632685,,992.4106266697007,1165,1139,1166
1188,6.764369870703922,-2.295261031119094,70.06454685404199,486.3712776033312,,1147,1182,1157
1189,8.491533282668492,0.4904234473372435,109.34856610794702,325.8440994396733,995.9917736389889,1100,1111,1116
1190,6.00382759321865,2.743617121701809,,,1002.8174156113022,1130,1105,1160
1191,,-4.833719200535645,70.98881155585494,643.0148890180934,998.6476330464194,1186,1146,1162
1192,6.329681888623119,3.704336988779394,74.03466241086025,174.88683911748123,,1155,1195,1165
1193,7.552334569862245,,,,999.9658950375707,1128,1170,1183
1194,,,70.93980617680026,,999.3081915466378,1120,1159,1151
1195,5.86466013115329,,97.22199638126769,574.7375983617435,999.1331604546805,1155,1165,1192
1196,,4.090397448961552,67.49418172899884,575.6370742937515,,1163,1125,1117
1197,4.879558366835394,3.563195982586574,,,1005.014793572174,1133,1153,1136
1198,4.807706423514341,4.6825912943239985,88.81596878278299,510.99699527083936,991.1696182899091,1146,1179,1142
1199,,4.1465692805137,,809.3282381904658,997.391751841334,32,62,54
1200,,6.32181617027275,86.37706380758581,1420.1192230022307,994.2176947569625,1201,67,27
1201,3.5810746377721725,,116.00630868141945,938.2445781692005,1002.0547800463397,1205,1200,1202
1202,2.2172243064245327,,78.02879904204278,678.144553753147,998.6443796571656,1205,1203,1201
1203,6.02099422535066,5.528247301965551,,847.9337127349369,,1206,1204,1202
1204,4.652378086758409,,107.35501699424952,889.7924171077866,,1203,381,1202
1205,3.1421100217373126,-1.7394657556048925,,1367.623695601618,1000.4093720410642,1201,1202,1204
1206,,0.6191655741508024,61.21345145117118,972.5118841246356,993.2863044412314,1203,277,1204
1207,,1.2390575776861117,,,,1208,74,66
1208,,4.061035556655723,,,999.5775354649843,1207,1209,74
1209,2.7898680238386615,,79.34584403810132,,1000.794911726059,1210,1208,1211
1210,5.458010657673989,-2.4663420243168908,59.776618093806206,655.5026577659688,997.9846764534387,1211,1209,1212
1211,3.839301336800705,-0.10251641918639876,48.11422644500022,,,1212,1210,1209
1212,4.2010931296266945,4.791740988128395,,,998.9706568962577,1211,348,388
